-- HungryGO Complete Database Schema Design
-- Target RDBMS: MySQL 8.0+
-- Prepared by Senior Java Full Stack Developer

CREATE DATABASE IF NOT EXISTS hungrygo_db;
USE hungrygo_db;

-- Drop tables if they exist in reverse order of dependencies
DROP TABLE IF EXISTS order_items;
DROP TABLE IF EXISTS orders;
DROP TABLE IF EXISTS cart;
DROP TABLE IF EXISTS menu_items;
DROP TABLE IF EXISTS restaurants;
DROP TABLE IF EXISTS users;

-- 1. Users Table (Handles user credentials, roles & addresses)
CREATE TABLE users (
    id INT AUTO_INCREMENT PRIMARY KEY,
    name VARCHAR(100) NOT NULL,
    email VARCHAR(100) NOT NULL UNIQUE,
    password VARCHAR(255) NOT NULL, -- Stored hashed password
    phone VARCHAR(20) NOT NULL,
    address TEXT NOT NULL,
    role VARCHAR(20) DEFAULT 'CUSTOMER', -- Options: CUSTOMER, RIDER, ADMIN
    created_at TIMESTAMP DEFAULT CURRENT_TIMESTAMP,
    updated_at TIMESTAMP DEFAULT CURRENT_TIMESTAMP ON UPDATE CURRENT_TIMESTAMP
) ENGINE=InnoDB DEFAULT CHARSET=utf8mb4;

-- 2. Restaurants Table (Holds restaurant master records)
CREATE TABLE restaurants (
    id INT AUTO_INCREMENT PRIMARY KEY,
    name VARCHAR(150) NOT NULL,
    cuisine_type VARCHAR(100) NOT NULL,
    rating DECIMAL(3,2) DEFAULT 0.00,
    delivery_time_mins INT NOT NULL,
    cost_for_two DECIMAL(10,2) NOT NULL,
    image_url VARCHAR(255) DEFAULT NULL,
    is_active TINYINT(1) DEFAULT 1,
    created_at TIMESTAMP DEFAULT CURRENT_TIMESTAMP
) ENGINE=InnoDB DEFAULT CHARSET=utf8mb4;

-- 3. Menu Items Table (Dishes belonging to a specific restaurant)
CREATE TABLE menu_items (
    id INT AUTO_INCREMENT PRIMARY KEY,
    restaurant_id INT NOT NULL,
    name VARCHAR(150) NOT NULL,
    description TEXT,
    price DECIMAL(10,2) NOT NULL,
    image_url VARCHAR(255) DEFAULT NULL,
    category VARCHAR(50) NOT NULL, -- Pizza, Burger, Shakes, Appetizer, etc.
    is_vegetarian TINYINT(1) DEFAULT 0,
    is_available TINYINT(1) DEFAULT 1,
    CONSTRAINT fk_menu_restaurant FOREIGN KEY (restaurant_id) 
        REFERENCES restaurants(id) ON DELETE CASCADE
) ENGINE=InnoDB DEFAULT CHARSET=utf8mb4;

-- 4. Cart Table (Persists active shopping baskets across sessions)
CREATE TABLE cart (
    id INT AUTO_INCREMENT PRIMARY KEY,
    user_id INT NOT NULL,
    menu_item_id INT NOT NULL,
    quantity INT NOT NULL DEFAULT 1,
    created_at TIMESTAMP DEFAULT CURRENT_TIMESTAMP,
    CONSTRAINT fk_cart_user FOREIGN KEY (user_id) 
        REFERENCES users(id) ON DELETE CASCADE,
    CONSTRAINT fk_cart_item FOREIGN KEY (menu_item_id) 
        REFERENCES menu_items(id) ON DELETE CASCADE,
    CONSTRAINT uq_user_item UNIQUE (user_id, menu_item_id)
) ENGINE=InnoDB DEFAULT CHARSET=utf8mb4;

-- 5. Orders Table (Summary details of completed transactions)
CREATE TABLE orders (
    id INT AUTO_INCREMENT PRIMARY KEY,
    order_id VARCHAR(50) NOT NULL UNIQUE, -- Human-readable unique order identifier (e.g., 'HG-452109')
    user_id INT NOT NULL,
    delivery_address TEXT NOT NULL,
    payment_method VARCHAR(50) NOT NULL, -- Card Payment, Cash on Delivery
    payment_status VARCHAR(50) DEFAULT 'PENDING', -- PENDING, COMPLETED, FAILED
    order_status VARCHAR(50) DEFAULT 'Food is Preparing', -- Food is Preparing, Out For Delivery, Delivered Successfully
    total_amount DECIMAL(10,2) NOT NULL,
    created_at TIMESTAMP DEFAULT CURRENT_TIMESTAMP,
    updated_at TIMESTAMP DEFAULT CURRENT_TIMESTAMP ON UPDATE CURRENT_TIMESTAMP,
    CONSTRAINT fk_order_user FOREIGN KEY (user_id) 
        REFERENCES users(id) ON DELETE CASCADE
) ENGINE=InnoDB DEFAULT CHARSET=utf8mb4;

-- 6. Order Items Table (Granular items purchased inside an order - relational junction)
CREATE TABLE order_items (
    id INT AUTO_INCREMENT PRIMARY KEY,
    order_id INT NOT NULL,
    menu_item_id INT NOT NULL,
    quantity INT NOT NULL DEFAULT 1,
    price_at_purchase DECIMAL(10,2) NOT NULL, -- Freeze price snapshot historically
    CONSTRAINT fk_item_order FOREIGN KEY (order_id) 
        REFERENCES orders(id) ON DELETE CASCADE,
    CONSTRAINT fk_item_menu FOREIGN KEY (menu_item_id) 
        REFERENCES menu_items(id) ON DELETE RESTRICT
) ENGINE=InnoDB DEFAULT CHARSET=utf8mb4;

-- Optimized indexes for fast read lookups
CREATE INDEX idx_user_email ON users(email);
CREATE INDEX idx_restaurant_cuisine ON restaurants(cuisine_type);
CREATE INDEX idx_menu_restaurant ON menu_items(restaurant_id);
CREATE INDEX idx_cart_user ON cart(user_id);
CREATE INDEX idx_order_user ON orders(user_id);


-- =========================================================================
-- SAMPLE TEST DATA SEEDING
-- =========================================================================

-- 1. Insert Users (Default Password is 'pavan123')
INSERT INTO users (id, name, email, password, phone, address, role) VALUES
(1, 'Pavan Hegade', 'pavanhegade1232@gmail.com', 'pavan123', '+91 98765 43210', 'Flat 402, Sunset Heights, Bandra West, Mumbai', 'CUSTOMER'),
(2, 'Admin Manager', 'admin@hungrygo.com', 'admin123', '+91 99999 88888', 'Admin Office, BKC, Mumbai', 'ADMIN');

-- 2. Insert 50 Bengaluru Restaurants
INSERT INTO restaurants (id, name, cuisine_type, rating, delivery_time_mins, cost_for_two, image_url, is_active) VALUES
(1, 'The Burger Lab', 'Gourmet Burgers', 4.80, 25, 500.00, 'https://images.unsplash.com/photo-1565299624946-b28f40a0ae38?auto=format&fit=crop&w=500&q=80', 1),
(2, 'Mamma Mia Pizza', 'Italian Pizza', 4.50, 30, 800.00, 'https://images.unsplash.com/photo-1534308983496-4fabb1a015ee?auto=format&fit=crop&w=500&q=80', 1),
(3, 'Sushi Zen Garden', 'Japanese', 4.90, 35, 1200.00, 'https://images.unsplash.com/photo-1579871494447-9811cf80d66c?auto=format&fit=crop&w=500&q=80', 1),
(4, 'Green Bowl Co.', 'Healthy Salads', 4.20, 20, 600.00, 'https://images.unsplash.com/photo-1512621776951-a57141f2eefd?auto=format&fit=crop&w=500&q=80', 1),
(5, 'Vidyarthi Bhavan', 'South Indian Breakfast', 4.80, 20, 250.00, 'https://images.unsplash.com/photo-1589301760014-d929f3979dbc?auto=format&fit=crop&w=500&q=80', 1),
(6, 'Nagarjuna Restaurant', 'Andhra Spice & Biryani', 4.60, 30, 700.00, 'https://images.unsplash.com/photo-1563379091339-03b21ab4a4f8?auto=format&fit=crop&w=500&q=80', 1),
(7, 'Toit Microbrewery', 'Woodfired Pizzas & Pub Grub', 4.70, 35, 1100.00, 'https://images.unsplash.com/photo-1513104890138-7c749659a591?auto=format&fit=crop&w=500&q=80', 1),
(8, 'Corner House Ice Cream', 'Iconic Desserts', 4.90, 15, 300.00, 'https://images.unsplash.com/photo-1533134242443-d4fd215305ad?auto=format&fit=crop&w=500&q=80', 1),
(9, 'Empire Restaurant', 'Late Night Mughlai & Kebabs', 4.30, 25, 600.00, 'https://images.unsplash.com/photo-1563379091339-03b21ab4a4f8?auto=format&fit=crop&w=500&q=80', 1),
(10, 'Truffles Cafe', 'Gourmet Burgers & Cafe', 4.60, 25, 500.00, 'https://images.unsplash.com/photo-1550547660-d9450f859349?auto=format&fit=crop&w=500&q=80', 1),
(11, 'Shri Sagar CTR', 'Heritage South Indian', 4.80, 20, 250.00, 'https://images.unsplash.com/photo-1601050690597-df056fb4ce78?auto=format&fit=crop&w=500&q=80', 1),
(12, 'Leon Grill', 'Peri Peri Chicken & Wraps', 4.30, 20, 450.00, 'https://images.unsplash.com/photo-1550547660-d9450f859349?auto=format&fit=crop&w=500&q=80', 1),
(13, 'Meghana Foods', 'Spicy Andhra Biryani', 4.70, 25, 650.00, 'https://images.unsplash.com/photo-1563379091339-03b21ab4a4f8?auto=format&fit=crop&w=500&q=80', 1),
(14, 'Glen''s Bakehouse', 'Bakery, Cakes & Desserts', 4.60, 20, 500.00, 'https://images.unsplash.com/photo-1533134242443-d4fd215305ad?auto=format&fit=crop&w=500&q=80', 1),
(15, 'Koramangala Social', 'Fusion & Continental Bites', 4.50, 25, 1000.00, 'https://images.unsplash.com/photo-1550547660-d9450f859349?auto=format&fit=crop&w=500&q=80', 1),
(16, 'Brahmin''s Coffee Bar', 'South Indian Comfort Food', 4.90, 15, 150.00, 'https://images.unsplash.com/photo-1601050690597-df056fb4ce78?auto=format&fit=crop&w=500&q=80', 1),
(17, 'Anand Sweets', 'Indian Sweets & Chaat', 4.70, 15, 300.00, 'https://images.unsplash.com/photo-1606313564200-e75d5e30476c?auto=format&fit=crop&w=500&q=80', 1),
(18, 'Bob''s Bar', 'Local Karnataka Pub Bites', 4.50, 30, 700.00, 'https://images.unsplash.com/photo-1563245372-f21724e3856d?auto=format&fit=crop&w=500&q=80', 1),
(19, 'Toscano', 'Authentic Italian Fine Dining', 4.60, 35, 1500.00, 'https://images.unsplash.com/photo-1534308983496-4fabb1a015ee?auto=format&fit=crop&w=500&q=80', 1),
(20, 'Shiro', 'Premium Pan-Asian & Sushi', 4.70, 35, 2000.00, 'https://images.unsplash.com/photo-1552611052-33e04de081de?auto=format&fit=crop&w=500&q=80', 1),
(21, 'Karavalli', 'Coastal Seafood & Curry', 4.80, 40, 1800.00, 'https://images.unsplash.com/photo-1579871494447-9811cf80d66c?auto=format&fit=crop&w=500&q=80', 1),
(22, 'Oye Amritsar', 'Dhaba Punjabi & Tandoori', 4.40, 30, 650.00, 'https://images.unsplash.com/photo-1626777552726-4a6b54c97e46?auto=format&fit=crop&w=500&q=80', 1),
(23, 'Pecos Classic', 'Chilli Beef & Pub Grub', 4.40, 30, 600.00, 'https://images.unsplash.com/photo-1569718212165-3a8278d5f624?auto=format&fit=crop&w=500&q=80', 1),
(24, 'Chutney Chang', 'Indo-Chinese Buffet Feast', 4.20, 35, 800.00, 'https://images.unsplash.com/photo-1583623025817-d180a2221d0a?auto=format&fit=crop&w=500&q=80', 1),
(25, 'Sly Granny', 'European Tapas & Cocktails', 4.50, 35, 1400.00, 'https://images.unsplash.com/photo-1586190848861-99aa4a171e90?auto=format&fit=crop&w=500&q=80', 1),
(26, 'Phobidden Fruit', 'Vietnamese Pho & Salads', 4.60, 30, 1200.00, 'https://images.unsplash.com/photo-1563245372-f21724e3856d?auto=format&fit=crop&w=500&q=80', 1),
(27, 'Windmills Craftworks', 'Craft Brews & American Jazz', 4.80, 40, 1800.00, 'https://images.unsplash.com/photo-1568901346375-23c9450c58cd?auto=format&fit=crop&w=500&q=80', 1),
(28, 'Chetty''s Corner', 'Bengaluru Street Bun Nippat', 4.40, 15, 200.00, 'https://images.unsplash.com/photo-1626132647523-66f5bf380027?auto=format&fit=crop&w=500&q=80', 1),
(29, 'Smally''s Resto Cafe', 'Cafe, Sandwiches & Shakes', 4.30, 20, 500.00, 'https://images.unsplash.com/photo-1513104890138-7c749659a591?auto=format&fit=crop&w=500&q=80', 1),
(30, 'Mamagoto', 'Funky Asian Bowls & Noodles', 4.50, 30, 1000.00, 'https://images.unsplash.com/photo-1583623025817-d180a2221d0a?auto=format&fit=crop&w=500&q=80', 1),
(31, 'Sankranthi', 'Karnataka Veg Banana Leaf Meals', 4.20, 25, 350.00, 'https://images.unsplash.com/photo-1626132647523-66f5bf380027?auto=format&fit=crop&w=500&q=80', 1),
(32, 'The Biere Club', 'Mediterranean & Thin Pizzas', 4.40, 30, 1200.00, 'https://images.unsplash.com/photo-1571066811602-716837d681de?auto=format&fit=crop&w=500&q=80', 1),
(33, 'Imperial Restaurant', 'Late Night Biryani & Grilled Chicken', 4.10, 25, 550.00, 'https://images.unsplash.com/photo-1633945274405-b6c8069047b0?auto=format&fit=crop&w=500&q=80', 1),
(34, 'MTR (Mavalli Tiffin Room)', 'Heritage Rava Idli & Dosas', 4.80, 20, 300.00, 'https://images.unsplash.com/photo-1668236543090-82eba5ee5976?auto=format&fit=crop&w=500&q=80', 1),
(35, 'Bhartiya Jalpan', 'North Indian Sweets & Chaat', 4.40, 20, 350.00, 'https://images.unsplash.com/photo-1606313564200-e75d5e30476c?auto=format&fit=crop&w=500&q=80', 1),
(36, 'Onesta', 'Unlimited Pizzas & Pasta', 4.30, 30, 600.00, 'https://images.unsplash.com/photo-1534308983496-4fabb1a015ee?auto=format&fit=crop&w=500&q=80', 1),
(37, 'Mani''s Dum Biryani', 'Classic Dum Biryani Hub', 4.50, 25, 500.00, 'https://images.unsplash.com/photo-1633945274405-b6c8069047b0?auto=format&fit=crop&w=500&q=80', 1),
(38, 'Shanghai Times', 'Authentic Chinese & Dim Sums', 4.20, 25, 700.00, 'https://images.unsplash.com/photo-1583623025817-d180a2221d0a?auto=format&fit=crop&w=500&q=80', 1),
(39, 'Kota Kachori', 'Rajasthani Sweets & Chaat', 4.50, 15, 200.00, 'https://images.unsplash.com/photo-1626132647523-66f5bf380027?auto=format&fit=crop&w=500&q=80', 1),
(40, 'Hallimane', 'Traditional Karnataka Rural Cuisine', 4.60, 25, 300.00, 'https://images.unsplash.com/photo-1601050690597-df056fb4ce78?auto=format&fit=crop&w=500&q=80', 1),
(41, 'Pind Balluchi', 'Punjabi Dhaba & Rich Gravies', 4.30, 30, 650.00, 'https://images.unsplash.com/photo-1563379091339-03b21ab4a4f8?auto=format&fit=crop&w=500&q=80', 1),
(42, 'Chili''s Grill & Bar', 'Tex-Mex, Ribs & Burgers', 4.50, 35, 1200.00, 'https://images.unsplash.com/photo-1586190848861-99aa4a171e90?auto=format&fit=crop&w=500&q=80', 1),
(43, 'Keventers', 'Legendary Milkshakes & Desserts', 4.40, 15, 300.00, 'https://images.unsplash.com/photo-1563805042-7684c019e1cb?auto=format&fit=crop&w=500&q=80', 1),
(44, 'Asha Sweet CenterCenter', 'Traditional Indian Sweets & Snacks', 4.70, 15, 350.00, 'https://images.unsplash.com/photo-1563805042-7684c019e1cb?auto=format&fit=crop&w=500&q=80', 1),
(45, 'Beijing Bites', 'Indo-Chinese Noodles & Appetizers', 4.10, 25, 500.00, 'https://images.unsplash.com/photo-1569718212165-3a8278d5f624?auto=format&fit=crop&w=500&q=80', 1),
(46, 'Rajdhani Thali', 'Unlimited Rajasthani & Gujarati Thali', 4.60, 30, 900.00, 'https://images.unsplash.com/photo-1589301760014-d929f3979dbc?auto=format&fit=crop&w=500&q=80', 1),
(47, 'Sante Spa Cuisine', 'Healthy, Vegan & Organic Salads', 4.70, 30, 800.00, 'https://images.unsplash.com/photo-1512621776951-a57141f2eefd?auto=format&fit=crop&w=500&q=80', 1),
(48, 'Smoke House Deli', 'European Panini & Pancakes', 4.60, 30, 1000.00, 'https://images.unsplash.com/photo-1586190848861-99aa4a171e90?auto=format&fit=crop&w=500&q=80', 1),
(49, 'Biryani by Kilo', 'Slow-cooked Handi Biryani', 4.40, 35, 700.00, 'https://images.unsplash.com/photo-1633945274405-b6c8069047b0?auto=format&fit=crop&w=500&q=80', 1),
(50, 'Imperial Restaurant KBR', 'Kerala Style Parotta & Beef Fry', 4.20, 25, 550.00, 'https://images.unsplash.com/photo-1601050690597-df056fb4ce78?auto=format&fit=crop&w=500&q=80', 1);

-- 3. Insert 8 Menu Items per Restaurant (Total 400 Items)
INSERT INTO menu_items (restaurant_id, name, description, price, image_url, category, is_vegetarian, is_available) VALUES
(1, 'Smoked Chicken Panini', 'Freshly prepared smoked chicken panini cooked using premium ingredients, signature herbs, and spices.', 180.00, 'https://images.unsplash.com/photo-1550547660-d9450f859349?auto=format&fit=crop&w=500&q=80', 'Panini', 0, 1),
(1, 'Premium Paneer Panini', 'Freshly prepared premium paneer panini cooked using premium ingredients, signature herbs, and spices.', 380.00, 'https://images.unsplash.com/photo-1513156844825-8324f8c7976e?auto=format&fit=crop&w=500&q=80', 'Panini', 1, 1),
(1, 'Smoked Potato Panini', 'Freshly prepared smoked potato panini cooked using premium ingredients, signature herbs, and spices.', 180.00, 'https://images.unsplash.com/photo-1565299624946-b28f40a0ae38?auto=format&fit=crop&w=500&q=80', 'Panini', 1, 1),
(1, 'Fresh Beef Slider', 'Freshly prepared fresh beef slider cooked using premium ingredients, signature herbs, and spices.', 310.00, 'https://images.unsplash.com/photo-1586190848861-99aa4a171e90?auto=format&fit=crop&w=500&q=80', 'Slider', 0, 1),
(1, 'Authentic Cheese Burger', 'Freshly prepared authentic cheese burger cooked using premium ingredients, signature herbs, and spices.', 130.00, 'https://images.unsplash.com/photo-1586190848861-99aa4a171e90?auto=format&fit=crop&w=500&q=80', 'Burger', 1, 1),
(1, 'Hot Avocado Panini', 'Freshly prepared hot avocado panini cooked using premium ingredients, signature herbs, and spices.', 220.00, 'https://images.unsplash.com/photo-1550547660-d9450f859349?auto=format&fit=crop&w=500&q=80', 'Panini', 1, 1),
(1, 'Toasted Potato Melt', 'Freshly prepared toasted potato melt cooked using premium ingredients, signature herbs, and spices.', 190.00, 'https://images.unsplash.com/photo-1513156844825-8324f8c7976e?auto=format&fit=crop&w=500&q=80', 'Melt', 1, 1),
(1, 'Crispy Prawn Burger', 'Freshly prepared crispy prawn burger cooked using premium ingredients, signature herbs, and spices.', 290.00, 'https://images.unsplash.com/photo-1586190848861-99aa4a171e90?auto=format&fit=crop&w=500&q=80', 'Burger', 0, 1),
(2, 'Authentic Mushroom Garlic Bread', 'Freshly prepared authentic mushroom garlic bread cooked using premium ingredients, signature herbs, and spices.', 150.00, 'https://images.unsplash.com/photo-1574071318508-1cdbab80d002?auto=format&fit=crop&w=500&q=80', 'Garlic Bread', 1, 1),
(2, 'Premium Cottage Cheese Lasagna', 'Freshly prepared premium cottage cheese lasagna cooked using premium ingredients, signature herbs, and spices.', 190.00, 'https://images.unsplash.com/photo-1628840042765-356cda07504e?auto=format&fit=crop&w=500&q=80', 'Lasagna', 1, 1),
(2, 'Traditional Sausage Pasta', 'Freshly prepared traditional sausage pasta cooked using premium ingredients, signature herbs, and spices.', 250.00, 'https://images.unsplash.com/photo-1513104890138-7c749659a591?auto=format&fit=crop&w=500&q=80', 'Pasta', 0, 1),
(2, 'Premium Pepperoni Fettuccine', 'Freshly prepared premium pepperoni fettuccine cooked using premium ingredients, signature herbs, and spices.', 310.00, 'https://images.unsplash.com/photo-1628840042765-356cda07504e?auto=format&fit=crop&w=500&q=80', 'Fettuccine', 0, 1),
(2, 'Premium Mushroom Fettuccine', 'Freshly prepared premium mushroom fettuccine cooked using premium ingredients, signature herbs, and spices.', 220.00, 'https://images.unsplash.com/photo-1513104890138-7c749659a591?auto=format&fit=crop&w=500&q=80', 'Fettuccine', 1, 1),
(2, 'Toasted Vegetable Flatbread', 'Freshly prepared toasted vegetable flatbread cooked using premium ingredients, signature herbs, and spices.', 480.00, 'https://images.unsplash.com/photo-1513104890138-7c749659a591?auto=format&fit=crop&w=500&q=80', 'Flatbread', 1, 1),
(2, 'Authentic Cottage Cheese Lasagna', 'Freshly prepared authentic cottage cheese lasagna cooked using premium ingredients, signature herbs, and spices.', 450.00, 'https://images.unsplash.com/photo-1571066811602-716837d681de?auto=format&fit=crop&w=500&q=80', 'Lasagna', 1, 1),
(2, 'House Special Garlic Calzone', 'Freshly prepared house special garlic calzone cooked using premium ingredients, signature herbs, and spices.', 410.00, 'https://images.unsplash.com/photo-1571066811602-716837d681de?auto=format&fit=crop&w=500&q=80', 'Calzone', 1, 1),
(3, 'Signature Tofu Noodle Soup', 'Freshly prepared signature tofu noodle soup cooked using premium ingredients, signature herbs, and spices.', 240.00, 'https://images.unsplash.com/photo-1579871494447-9811cf80d66c?auto=format&fit=crop&w=500&q=80', 'Noodle Soup', 1, 1),
(3, 'Traditional Mutton Ramen Bowl', 'Freshly prepared traditional mutton ramen bowl cooked using premium ingredients, signature herbs, and spices.', 340.00, 'https://images.unsplash.com/photo-1552611052-33e04de081de?auto=format&fit=crop&w=500&q=80', 'Ramen Bowl', 0, 1),
(3, 'Signature Sausage Noodle Soup', 'Freshly prepared signature sausage noodle soup cooked using premium ingredients, signature herbs, and spices.', 360.00, 'https://images.unsplash.com/photo-1563245372-f21724e3856d?auto=format&fit=crop&w=500&q=80', 'Noodle Soup', 0, 1),
(3, 'Traditional Fish Stir Fry', 'Freshly prepared traditional fish stir fry cooked using premium ingredients, signature herbs, and spices.', 170.00, 'https://images.unsplash.com/photo-1552611052-33e04de081de?auto=format&fit=crop&w=500&q=80', 'Stir Fry', 0, 1),
(3, 'House Special Garlic Stir Fry', 'Freshly prepared house special garlic stir fry cooked using premium ingredients, signature herbs, and spices.', 370.00, 'https://images.unsplash.com/photo-1569718212165-3a8278d5f624?auto=format&fit=crop&w=500&q=80', 'Stir Fry', 1, 1),
(3, 'Toasted Cottage Cheese Stir Fry', 'Freshly prepared toasted cottage cheese stir fry cooked using premium ingredients, signature herbs, and spices.', 290.00, 'https://images.unsplash.com/photo-1583623025817-d180a2221d0a?auto=format&fit=crop&w=500&q=80', 'Stir Fry', 1, 1),
(3, 'Hot Paneer Dumplings', 'Freshly prepared hot paneer dumplings cooked using premium ingredients, signature herbs, and spices.', 320.00, 'https://images.unsplash.com/photo-1563245372-f21724e3856d?auto=format&fit=crop&w=500&q=80', 'Dumplings', 1, 1),
(3, 'Authentic Bacon Ramen Bowl', 'Freshly prepared authentic bacon ramen bowl cooked using premium ingredients, signature herbs, and spices.', 350.00, 'https://images.unsplash.com/photo-1579871494447-9811cf80d66c?auto=format&fit=crop&w=500&q=80', 'Ramen Bowl', 0, 1),
(4, 'Crispy Cheese Veggie Platter', 'Freshly prepared crispy cheese veggie platter cooked using premium ingredients, signature herbs, and spices.', 140.00, 'https://images.unsplash.com/photo-1546069901-ba9599a7e63c?auto=format&fit=crop&w=500&q=80', 'Veggie Platter', 1, 1),
(4, 'Toasted Vegetable Greens', 'Freshly prepared toasted vegetable greens cooked using premium ingredients, signature herbs, and spices.', 430.00, 'https://images.unsplash.com/photo-1506084868230-bb9d95c24759?auto=format&fit=crop&w=500&q=80', 'Greens', 1, 1),
(4, 'Crispy Garlic Greens', 'Freshly prepared crispy garlic greens cooked using premium ingredients, signature herbs, and spices.', 270.00, 'https://images.unsplash.com/photo-1512621776951-a57141f2eefd?auto=format&fit=crop&w=500&q=80', 'Greens', 1, 1),
(4, 'Signature Vegetable Greens', 'Freshly prepared signature vegetable greens cooked using premium ingredients, signature herbs, and spices.', 250.00, 'https://images.unsplash.com/photo-1512621776951-a57141f2eefd?auto=format&fit=crop&w=500&q=80', 'Greens', 1, 1),
(4, 'Toasted Potato Salad Bowl', 'Freshly prepared toasted potato salad bowl cooked using premium ingredients, signature herbs, and spices.', 370.00, 'https://images.unsplash.com/photo-1506084868230-bb9d95c24759?auto=format&fit=crop&w=500&q=80', 'Salad Bowl', 1, 1),
(4, 'Classic Cheese Greens', 'Freshly prepared classic cheese greens cooked using premium ingredients, signature herbs, and spices.', 180.00, 'https://images.unsplash.com/photo-1546069901-ba9599a7e63c?auto=format&fit=crop&w=500&q=80', 'Greens', 1, 1),
(4, 'Spicy Avocado Veggie Platter', 'Freshly prepared spicy avocado veggie platter cooked using premium ingredients, signature herbs, and spices.', 300.00, 'https://images.unsplash.com/photo-1540420773420-3366772f4999?auto=format&fit=crop&w=500&q=80', 'Veggie Platter', 1, 1),
(4, 'Spicy Vegetable Salad Bowl', 'Freshly prepared spicy vegetable salad bowl cooked using premium ingredients, signature herbs, and spices.', 180.00, 'https://images.unsplash.com/photo-1540420773420-3366772f4999?auto=format&fit=crop&w=500&q=80', 'Salad Bowl', 1, 1),
(5, 'Classic Sweet Corn Vada', 'Freshly prepared classic sweet corn vada cooked using premium ingredients, signature herbs, and spices.', 140.00, 'https://images.unsplash.com/photo-1589301760014-d929f3979dbc?auto=format&fit=crop&w=500&q=80', 'Vada', 1, 1),
(5, 'Spicy Cheese Meals', 'Freshly prepared spicy cheese meals cooked using premium ingredients, signature herbs, and spices.', 470.00, 'https://images.unsplash.com/photo-1589301760014-d929f3979dbc?auto=format&fit=crop&w=500&q=80', 'Meals', 1, 1),
(5, 'Toasted Sweet Corn Parotta', 'Freshly prepared toasted sweet corn parotta cooked using premium ingredients, signature herbs, and spices.', 230.00, 'https://images.unsplash.com/photo-1626132647523-66f5bf380027?auto=format&fit=crop&w=500&q=80', 'Parotta', 1, 1),
(5, 'Fresh Vegetable Dosa', 'Freshly prepared fresh vegetable dosa cooked using premium ingredients, signature herbs, and spices.', 360.00, 'https://images.unsplash.com/photo-1626132647523-66f5bf380027?auto=format&fit=crop&w=500&q=80', 'Dosa', 1, 1),
(5, 'Classic Cottage Cheese Uttapam', 'Freshly prepared classic cottage cheese uttapam cooked using premium ingredients, signature herbs, and spices.', 390.00, 'https://images.unsplash.com/photo-1589301760014-d929f3979dbc?auto=format&fit=crop&w=500&q=80', 'Uttapam', 1, 1),
(5, 'Smoked Mushroom Uttapam', 'Freshly prepared smoked mushroom uttapam cooked using premium ingredients, signature herbs, and spices.', 480.00, 'https://images.unsplash.com/photo-1668236543090-82eba5ee5976?auto=format&fit=crop&w=500&q=80', 'Uttapam', 1, 1),
(5, 'Delicious Avocado Parotta', 'Freshly prepared delicious avocado parotta cooked using premium ingredients, signature herbs, and spices.', 140.00, 'https://images.unsplash.com/photo-1601050690597-df056fb4ce78?auto=format&fit=crop&w=500&q=80', 'Parotta', 1, 1),
(5, 'Classic Potato Uttapam', 'Freshly prepared classic potato uttapam cooked using premium ingredients, signature herbs, and spices.', 290.00, 'https://images.unsplash.com/photo-1601050690597-df056fb4ce78?auto=format&fit=crop&w=500&q=80', 'Uttapam', 1, 1),
(6, 'Gourmet Beef Pulao', 'Freshly prepared gourmet beef pulao cooked using premium ingredients, signature herbs, and spices.', 170.00, 'https://images.unsplash.com/photo-1563379091339-03b21ab4a4f8?auto=format&fit=crop&w=500&q=80', 'Pulao', 0, 1),
(6, 'Toasted Mutton Dum Biryani', 'Freshly prepared toasted mutton dum biryani cooked using premium ingredients, signature herbs, and spices.', 310.00, 'https://images.unsplash.com/photo-1633945274405-b6c8069047b0?auto=format&fit=crop&w=500&q=80', 'Dum Biryani', 0, 1),
(6, 'Spicy Sausage Pulao', 'Freshly prepared spicy sausage pulao cooked using premium ingredients, signature herbs, and spices.', 300.00, 'https://images.unsplash.com/photo-1626777552726-4a6b54c97e46?auto=format&fit=crop&w=500&q=80', 'Pulao', 0, 1),
(6, 'Hot Cottage Cheese Kabab', 'Freshly prepared hot cottage cheese kabab cooked using premium ingredients, signature herbs, and spices.', 340.00, 'https://images.unsplash.com/photo-1603360946369-dc9bb6258143?auto=format&fit=crop&w=500&q=80', 'Kabab', 1, 1),
(6, 'Delicious Bacon Dum Biryani', 'Freshly prepared delicious bacon dum biryani cooked using premium ingredients, signature herbs, and spices.', 430.00, 'https://images.unsplash.com/photo-1563379091339-03b21ab4a4f8?auto=format&fit=crop&w=500&q=80', 'Dum Biryani', 0, 1),
(6, 'Hot Cheese Tikka', 'Freshly prepared hot cheese tikka cooked using premium ingredients, signature herbs, and spices.', 430.00, 'https://images.unsplash.com/photo-1626777552726-4a6b54c97e46?auto=format&fit=crop&w=500&q=80', 'Tikka', 1, 1),
(6, 'Traditional Beef Ghee Rice', 'Freshly prepared traditional beef ghee rice cooked using premium ingredients, signature herbs, and spices.', 440.00, 'https://images.unsplash.com/photo-1626777552726-4a6b54c97e46?auto=format&fit=crop&w=500&q=80', 'Ghee Rice', 0, 1),
(6, 'Hot Potato Curry', 'Freshly prepared hot potato curry cooked using premium ingredients, signature herbs, and spices.', 420.00, 'https://images.unsplash.com/photo-1563379091339-03b21ab4a4f8?auto=format&fit=crop&w=500&q=80', 'Curry', 1, 1),
(7, 'Premium Chicken Pizza', 'Freshly prepared premium chicken pizza cooked using premium ingredients, signature herbs, and spices.', 190.00, 'https://images.unsplash.com/photo-1628840042765-356cda07504e?auto=format&fit=crop&w=500&q=80', 'Pizza', 0, 1),
(7, 'Toasted Cottage Cheese Lasagna', 'Freshly prepared toasted cottage cheese lasagna cooked using premium ingredients, signature herbs, and spices.', 130.00, 'https://images.unsplash.com/photo-1628840042765-356cda07504e?auto=format&fit=crop&w=500&q=80', 'Lasagna', 1, 1),
(7, 'Fresh Sausage Pasta', 'Freshly prepared fresh sausage pasta cooked using premium ingredients, signature herbs, and spices.', 330.00, 'https://images.unsplash.com/photo-1571066811602-716837d681de?auto=format&fit=crop&w=500&q=80', 'Pasta', 0, 1),
(7, 'Premium Seafood Pizza', 'Freshly prepared premium seafood pizza cooked using premium ingredients, signature herbs, and spices.', 440.00, 'https://images.unsplash.com/photo-1534308983496-4fabb1a015ee?auto=format&fit=crop&w=500&q=80', 'Pizza', 0, 1),
(7, 'Gourmet Paneer Pizza', 'Freshly prepared gourmet paneer pizza cooked using premium ingredients, signature herbs, and spices.', 380.00, 'https://images.unsplash.com/photo-1574071318508-1cdbab80d002?auto=format&fit=crop&w=500&q=80', 'Pizza', 1, 1),
(7, 'Premium Pepperoni Pasta', 'Freshly prepared premium pepperoni pasta cooked using premium ingredients, signature herbs, and spices.', 360.00, 'https://images.unsplash.com/photo-1574071318508-1cdbab80d002?auto=format&fit=crop&w=500&q=80', 'Pasta', 0, 1),
(7, 'Crispy Sweet Corn Lasagna', 'Freshly prepared crispy sweet corn lasagna cooked using premium ingredients, signature herbs, and spices.', 410.00, 'https://images.unsplash.com/photo-1534308983496-4fabb1a015ee?auto=format&fit=crop&w=500&q=80', 'Lasagna', 1, 1),
(7, 'Authentic Mushroom Garlic Bread', 'Freshly prepared authentic mushroom garlic bread cooked using premium ingredients, signature herbs, and spices.', 360.00, 'https://images.unsplash.com/photo-1513104890138-7c749659a591?auto=format&fit=crop&w=500&q=80', 'Garlic Bread', 1, 1),
(8, 'Avocado Mysore Pak', 'Freshly prepared avocado mysore pak cooked using premium ingredients, signature herbs, and spices.', 260.00, 'https://images.unsplash.com/photo-1606313564200-e75d5e30476c?auto=format&fit=crop&w=500&q=80', 'Mysore Pak', 1, 1),
(8, 'Cottage Cheese Ice Cream Scoop', 'Freshly prepared cottage cheese ice cream scoop cooked using premium ingredients, signature herbs, and spices.', 150.00, 'https://images.unsplash.com/photo-1587314168485-3236d6710814?auto=format&fit=crop&w=500&q=80', 'Ice Cream Scoop', 1, 1),
(8, 'Authentic Vegetable Lassi', 'Freshly prepared authentic vegetable lassi cooked using premium ingredients, signature herbs, and spices.', 450.00, 'https://images.unsplash.com/photo-1606313564200-e75d5e30476c?auto=format&fit=crop&w=500&q=80', 'Lassi', 1, 1),
(8, 'Paneer Sundae', 'Freshly prepared paneer sundae cooked using premium ingredients, signature herbs, and spices.', 240.00, 'https://images.unsplash.com/photo-1587314168485-3236d6710814?auto=format&fit=crop&w=500&q=80', 'Sundae', 1, 1),
(8, 'Garlic Milkshake', 'Freshly prepared garlic milkshake cooked using premium ingredients, signature herbs, and spices.', 320.00, 'https://images.unsplash.com/photo-1563805042-7684c019e1cb?auto=format&fit=crop&w=500&q=80', 'Milkshake', 1, 1),
(8, 'Avocado Sundae', 'Freshly prepared avocado sundae cooked using premium ingredients, signature herbs, and spices.', 260.00, 'https://images.unsplash.com/photo-1533134242443-d4fd215305ad?auto=format&fit=crop&w=500&q=80', 'Sundae', 1, 1),
(8, 'Tofu Halwa', 'Freshly prepared tofu halwa cooked using premium ingredients, signature herbs, and spices.', 280.00, 'https://images.unsplash.com/photo-1563805042-7684c019e1cb?auto=format&fit=crop&w=500&q=80', 'Halwa', 1, 1),
(8, 'Garlic Lassi', 'Freshly prepared garlic lassi cooked using premium ingredients, signature herbs, and spices.', 280.00, 'https://images.unsplash.com/photo-1587314168485-3236d6710814?auto=format&fit=crop&w=500&q=80', 'Lassi', 1, 1),
(9, 'Smoked Seafood Curry', 'Freshly prepared smoked seafood curry cooked using premium ingredients, signature herbs, and spices.', 440.00, 'https://images.unsplash.com/photo-1633945274405-b6c8069047b0?auto=format&fit=crop&w=500&q=80', 'Curry', 0, 1),
(9, 'Hot Bacon Ghee Rice', 'Freshly prepared hot bacon ghee rice cooked using premium ingredients, signature herbs, and spices.', 270.00, 'https://images.unsplash.com/photo-1626777552726-4a6b54c97e46?auto=format&fit=crop&w=500&q=80', 'Ghee Rice', 0, 1),
(9, 'Smoked Prawn Pulao', 'Freshly prepared smoked prawn pulao cooked using premium ingredients, signature herbs, and spices.', 460.00, 'https://images.unsplash.com/photo-1633945274405-b6c8069047b0?auto=format&fit=crop&w=500&q=80', 'Pulao', 0, 1),
(9, 'Smoked Beef Pulao', 'Freshly prepared smoked beef pulao cooked using premium ingredients, signature herbs, and spices.', 290.00, 'https://images.unsplash.com/photo-1626777552726-4a6b54c97e46?auto=format&fit=crop&w=500&q=80', 'Pulao', 0, 1),
(9, 'Delicious Sweet Corn Kabab', 'Freshly prepared delicious sweet corn kabab cooked using premium ingredients, signature herbs, and spices.', 180.00, 'https://images.unsplash.com/photo-1603360946369-dc9bb6258143?auto=format&fit=crop&w=500&q=80', 'Kabab', 1, 1),
(9, 'Classic Prawn Curry', 'Freshly prepared classic prawn curry cooked using premium ingredients, signature herbs, and spices.', 370.00, 'https://images.unsplash.com/photo-1603360946369-dc9bb6258143?auto=format&fit=crop&w=500&q=80', 'Curry', 0, 1),
(9, 'Gourmet Avocado Pulao', 'Freshly prepared gourmet avocado pulao cooked using premium ingredients, signature herbs, and spices.', 340.00, 'https://images.unsplash.com/photo-1603360946369-dc9bb6258143?auto=format&fit=crop&w=500&q=80', 'Pulao', 1, 1),
(9, 'Gourmet Beef Ghee Rice', 'Freshly prepared gourmet beef ghee rice cooked using premium ingredients, signature herbs, and spices.', 250.00, 'https://images.unsplash.com/photo-1633945274405-b6c8069047b0?auto=format&fit=crop&w=500&q=80', 'Ghee Rice', 0, 1),
(10, 'Authentic Sausage Sandwich', 'Freshly prepared authentic sausage sandwich cooked using premium ingredients, signature herbs, and spices.', 450.00, 'https://images.unsplash.com/photo-1513156844825-8324f8c7976e?auto=format&fit=crop&w=500&q=80', 'Sandwich', 0, 1),
(10, 'Traditional Chicken Burger', 'Freshly prepared traditional chicken burger cooked using premium ingredients, signature herbs, and spices.', 210.00, 'https://images.unsplash.com/photo-1568901346375-23c9450c58cd?auto=format&fit=crop&w=500&q=80', 'Burger', 0, 1),
(10, 'Crispy Fish Slider', 'Freshly prepared crispy fish slider cooked using premium ingredients, signature herbs, and spices.', 190.00, 'https://images.unsplash.com/photo-1586190848861-99aa4a171e90?auto=format&fit=crop&w=500&q=80', 'Slider', 0, 1),
(10, 'Premium Garlic Slider', 'Freshly prepared premium garlic slider cooked using premium ingredients, signature herbs, and spices.', 140.00, 'https://images.unsplash.com/photo-1586190848861-99aa4a171e90?auto=format&fit=crop&w=500&q=80', 'Slider', 1, 1),
(10, 'Delicious Pepperoni Melt', 'Freshly prepared delicious pepperoni melt cooked using premium ingredients, signature herbs, and spices.', 290.00, 'https://images.unsplash.com/photo-1568901346375-23c9450c58cd?auto=format&fit=crop&w=500&q=80', 'Melt', 0, 1),
(10, 'Spicy Potato Sandwich', 'Freshly prepared spicy potato sandwich cooked using premium ingredients, signature herbs, and spices.', 450.00, 'https://images.unsplash.com/photo-1565299624946-b28f40a0ae38?auto=format&fit=crop&w=500&q=80', 'Sandwich', 1, 1),
(10, 'Fresh Mushroom Slider', 'Freshly prepared fresh mushroom slider cooked using premium ingredients, signature herbs, and spices.', 270.00, 'https://images.unsplash.com/photo-1568901346375-23c9450c58cd?auto=format&fit=crop&w=500&q=80', 'Slider', 1, 1),
(10, 'Classic Mushroom Burger', 'Freshly prepared classic mushroom burger cooked using premium ingredients, signature herbs, and spices.', 280.00, 'https://images.unsplash.com/photo-1586190848861-99aa4a171e90?auto=format&fit=crop&w=500&q=80', 'Burger', 1, 1),
(11, 'Authentic Sweet Corn Meals', 'Freshly prepared authentic sweet corn meals cooked using premium ingredients, signature herbs, and spices.', 160.00, 'https://images.unsplash.com/photo-1589301760014-d929f3979dbc?auto=format&fit=crop&w=500&q=80', 'Meals', 1, 1),
(11, 'Crispy Mushroom Parotta', 'Freshly prepared crispy mushroom parotta cooked using premium ingredients, signature herbs, and spices.', 200.00, 'https://images.unsplash.com/photo-1668236543090-82eba5ee5976?auto=format&fit=crop&w=500&q=80', 'Parotta', 1, 1),
(11, 'Premium Potato Akki Roti', 'Freshly prepared premium potato akki roti cooked using premium ingredients, signature herbs, and spices.', 130.00, 'https://images.unsplash.com/photo-1668236543090-82eba5ee5976?auto=format&fit=crop&w=500&q=80', 'Akki Roti', 1, 1),
(11, 'Fresh Garlic Meals', 'Freshly prepared fresh garlic meals cooked using premium ingredients, signature herbs, and spices.', 380.00, 'https://images.unsplash.com/photo-1601050690597-df056fb4ce78?auto=format&fit=crop&w=500&q=80', 'Meals', 1, 1),
(11, 'Gourmet Sweet Corn Dosa', 'Freshly prepared gourmet sweet corn dosa cooked using premium ingredients, signature herbs, and spices.', 390.00, 'https://images.unsplash.com/photo-1626132647523-66f5bf380027?auto=format&fit=crop&w=500&q=80', 'Dosa', 1, 1),
(11, 'Fresh Cheese Dosa', 'Freshly prepared fresh cheese dosa cooked using premium ingredients, signature herbs, and spices.', 410.00, 'https://images.unsplash.com/photo-1668236543090-82eba5ee5976?auto=format&fit=crop&w=500&q=80', 'Dosa', 1, 1),
(11, 'Gourmet Paneer Vada', 'Freshly prepared gourmet paneer vada cooked using premium ingredients, signature herbs, and spices.', 380.00, 'https://images.unsplash.com/photo-1601050690597-df056fb4ce78?auto=format&fit=crop&w=500&q=80', 'Vada', 1, 1),
(11, 'House Special Mushroom Idli', 'Freshly prepared house special mushroom idli cooked using premium ingredients, signature herbs, and spices.', 280.00, 'https://images.unsplash.com/photo-1589301760014-d929f3979dbc?auto=format&fit=crop&w=500&q=80', 'Idli', 1, 1),
(12, 'Traditional Seafood Wrap', 'Freshly prepared traditional seafood wrap cooked using premium ingredients, signature herbs, and spices.', 320.00, 'https://images.unsplash.com/photo-1550547660-d9450f859349?auto=format&fit=crop&w=500&q=80', 'Wrap', 0, 1),
(12, 'Toasted Sweet Corn Sandwich', 'Freshly prepared toasted sweet corn sandwich cooked using premium ingredients, signature herbs, and spices.', 220.00, 'https://images.unsplash.com/photo-1586190848861-99aa4a171e90?auto=format&fit=crop&w=500&q=80', 'Sandwich', 1, 1),
(12, 'Signature Sweet Corn Wrap', 'Freshly prepared signature sweet corn wrap cooked using premium ingredients, signature herbs, and spices.', 190.00, 'https://images.unsplash.com/photo-1586190848861-99aa4a171e90?auto=format&fit=crop&w=500&q=80', 'Wrap', 1, 1),
(12, 'House Special Potato Melt', 'Freshly prepared house special potato melt cooked using premium ingredients, signature herbs, and spices.', 120.00, 'https://images.unsplash.com/photo-1513156844825-8324f8c7976e?auto=format&fit=crop&w=500&q=80', 'Melt', 1, 1),
(12, 'Fresh Paneer Slider', 'Freshly prepared fresh paneer slider cooked using premium ingredients, signature herbs, and spices.', 460.00, 'https://images.unsplash.com/photo-1550547660-d9450f859349?auto=format&fit=crop&w=500&q=80', 'Slider', 1, 1),
(12, 'Smoked Vegetable Wrap', 'Freshly prepared smoked vegetable wrap cooked using premium ingredients, signature herbs, and spices.', 190.00, 'https://images.unsplash.com/photo-1550547660-d9450f859349?auto=format&fit=crop&w=500&q=80', 'Wrap', 1, 1),
(12, 'Gourmet Cottage Cheese Wrap', 'Freshly prepared gourmet cottage cheese wrap cooked using premium ingredients, signature herbs, and spices.', 410.00, 'https://images.unsplash.com/photo-1568901346375-23c9450c58cd?auto=format&fit=crop&w=500&q=80', 'Wrap', 1, 1),
(12, 'Fresh Fish Panini', 'Freshly prepared fresh fish panini cooked using premium ingredients, signature herbs, and spices.', 120.00, 'https://images.unsplash.com/photo-1513156844825-8324f8c7976e?auto=format&fit=crop&w=500&q=80', 'Panini', 0, 1),
(13, 'House Special Chicken Ghee Rice', 'Freshly prepared house special chicken ghee rice cooked using premium ingredients, signature herbs, and spices.', 290.00, 'https://images.unsplash.com/photo-1633945274405-b6c8069047b0?auto=format&fit=crop&w=500&q=80', 'Ghee Rice', 0, 1),
(13, 'Delicious Mutton Gravy', 'Freshly prepared delicious mutton gravy cooked using premium ingredients, signature herbs, and spices.', 280.00, 'https://images.unsplash.com/photo-1563379091339-03b21ab4a4f8?auto=format&fit=crop&w=500&q=80', 'Gravy', 0, 1),
(13, 'Signature Sausage Pulao', 'Freshly prepared signature sausage pulao cooked using premium ingredients, signature herbs, and spices.', 190.00, 'https://images.unsplash.com/photo-1563379091339-03b21ab4a4f8?auto=format&fit=crop&w=500&q=80', 'Pulao', 0, 1),
(13, 'Classic Pepperoni Tikka', 'Freshly prepared classic pepperoni tikka cooked using premium ingredients, signature herbs, and spices.', 290.00, 'https://images.unsplash.com/photo-1603360946369-dc9bb6258143?auto=format&fit=crop&w=500&q=80', 'Tikka', 0, 1),
(13, 'Spicy Cheese Ghee Rice', 'Freshly prepared spicy cheese ghee rice cooked using premium ingredients, signature herbs, and spices.', 290.00, 'https://images.unsplash.com/photo-1633945274405-b6c8069047b0?auto=format&fit=crop&w=500&q=80', 'Ghee Rice', 1, 1),
(13, 'Classic Bacon Gravy', 'Freshly prepared classic bacon gravy cooked using premium ingredients, signature herbs, and spices.', 260.00, 'https://images.unsplash.com/photo-1563379091339-03b21ab4a4f8?auto=format&fit=crop&w=500&q=80', 'Gravy', 0, 1),
(13, 'Spicy Pepperoni Kabab', 'Freshly prepared spicy pepperoni kabab cooked using premium ingredients, signature herbs, and spices.', 200.00, 'https://images.unsplash.com/photo-1603360946369-dc9bb6258143?auto=format&fit=crop&w=500&q=80', 'Kabab', 0, 1),
(13, 'Hot Beef Ghee Rice', 'Freshly prepared hot beef ghee rice cooked using premium ingredients, signature herbs, and spices.', 420.00, 'https://images.unsplash.com/photo-1603360946369-dc9bb6258143?auto=format&fit=crop&w=500&q=80', 'Ghee Rice', 0, 1),
(14, 'Hot Vegetable Halwa', 'Freshly prepared hot vegetable halwa cooked using premium ingredients, signature herbs, and spices.', 290.00, 'https://images.unsplash.com/photo-1563805042-7684c019e1cb?auto=format&fit=crop&w=500&q=80', 'Halwa', 1, 1),
(14, 'Fresh Sweet Corn Cheesecakes', 'Freshly prepared fresh sweet corn cheesecakes cooked using premium ingredients, signature herbs, and spices.', 260.00, 'https://images.unsplash.com/photo-1572490122747-3968b75cc699?auto=format&fit=crop&w=500&q=80', 'Cheesecakes', 1, 1),
(14, 'Fresh Mushroom Lassi', 'Freshly prepared fresh mushroom lassi cooked using premium ingredients, signature herbs, and spices.', 270.00, 'https://images.unsplash.com/photo-1533134242443-d4fd215305ad?auto=format&fit=crop&w=500&q=80', 'Lassi', 1, 1),
(14, 'Hot Cottage Cheese Mysore Pak', 'Freshly prepared hot cottage cheese mysore pak cooked using premium ingredients, signature herbs, and spices.', 280.00, 'https://images.unsplash.com/photo-1606313564200-e75d5e30476c?auto=format&fit=crop&w=500&q=80', 'Mysore Pak', 1, 1),
(14, 'Tofu Cheesecakes', 'Freshly prepared tofu cheesecakes cooked using premium ingredients, signature herbs, and spices.', 470.00, 'https://images.unsplash.com/photo-1533134242443-d4fd215305ad?auto=format&fit=crop&w=500&q=80', 'Cheesecakes', 1, 1),
(14, 'Avocado Sundae', 'Freshly prepared avocado sundae cooked using premium ingredients, signature herbs, and spices.', 480.00, 'https://images.unsplash.com/photo-1533134242443-d4fd215305ad?auto=format&fit=crop&w=500&q=80', 'Sundae', 1, 1),
(14, 'Fresh Avocado Brownie Slice', 'Freshly prepared fresh avocado brownie slice cooked using premium ingredients, signature herbs, and spices.', 120.00, 'https://images.unsplash.com/photo-1533134242443-d4fd215305ad?auto=format&fit=crop&w=500&q=80', 'Brownie Slice', 1, 1),
(14, 'Tofu Halwa', 'Freshly prepared tofu halwa cooked using premium ingredients, signature herbs, and spices.', 350.00, 'https://images.unsplash.com/photo-1606313564200-e75d5e30476c?auto=format&fit=crop&w=500&q=80', 'Halwa', 1, 1),
(15, 'Traditional Sausage Dessert', 'Freshly prepared traditional sausage dessert cooked using premium ingredients, signature herbs, and spices.', 420.00, 'https://images.unsplash.com/photo-1626132647523-66f5bf380027?auto=format&fit=crop&w=500&q=80', 'Dessert', 0, 1),
(15, 'Premium Sausage Noodles', 'Freshly prepared premium sausage noodles cooked using premium ingredients, signature herbs, and spices.', 120.00, 'https://images.unsplash.com/photo-1513104890138-7c749659a591?auto=format&fit=crop&w=500&q=80', 'Noodles', 0, 1),
(15, 'Fresh Garlic Salad', 'Freshly prepared fresh garlic salad cooked using premium ingredients, signature herbs, and spices.', 340.00, 'https://images.unsplash.com/photo-1586190848861-99aa4a171e90?auto=format&fit=crop&w=500&q=80', 'Salad', 1, 1),
(15, 'Crispy Tofu Noodles', 'Freshly prepared crispy tofu noodles cooked using premium ingredients, signature herbs, and spices.', 300.00, 'https://images.unsplash.com/photo-1628840042765-356cda07504e?auto=format&fit=crop&w=500&q=80', 'Noodles', 1, 1),
(15, 'Gourmet Chicken Wrap', 'Freshly prepared gourmet chicken wrap cooked using premium ingredients, signature herbs, and spices.', 340.00, 'https://images.unsplash.com/photo-1574071318508-1cdbab80d002?auto=format&fit=crop&w=500&q=80', 'Wrap', 0, 1),
(15, 'House Special Vegetable Wrap', 'Freshly prepared house special vegetable wrap cooked using premium ingredients, signature herbs, and spices.', 190.00, 'https://images.unsplash.com/photo-1668236543090-82eba5ee5976?auto=format&fit=crop&w=500&q=80', 'Wrap', 1, 1),
(15, 'Spicy Sweet Corn Burger', 'Freshly prepared spicy sweet corn burger cooked using premium ingredients, signature herbs, and spices.', 380.00, 'https://images.unsplash.com/photo-1569718212165-3a8278d5f624?auto=format&fit=crop&w=500&q=80', 'Burger', 1, 1),
(15, 'Signature Seafood Biryani', 'Freshly prepared signature seafood biryani cooked using premium ingredients, signature herbs, and spices.', 200.00, 'https://images.unsplash.com/photo-1626132647523-66f5bf380027?auto=format&fit=crop&w=500&q=80', 'Biryani', 0, 1),
(16, 'Hot Tofu Akki Roti', 'Freshly prepared hot tofu akki roti cooked using premium ingredients, signature herbs, and spices.', 380.00, 'https://images.unsplash.com/photo-1589301760014-d929f3979dbc?auto=format&fit=crop&w=500&q=80', 'Akki Roti', 1, 1),
(16, 'Gourmet Paneer Dosa', 'Freshly prepared gourmet paneer dosa cooked using premium ingredients, signature herbs, and spices.', 470.00, 'https://images.unsplash.com/photo-1668236543090-82eba5ee5976?auto=format&fit=crop&w=500&q=80', 'Dosa', 1, 1),
(16, 'Fresh Potato Parotta', 'Freshly prepared fresh potato parotta cooked using premium ingredients, signature herbs, and spices.', 160.00, 'https://images.unsplash.com/photo-1589301760014-d929f3979dbc?auto=format&fit=crop&w=500&q=80', 'Parotta', 1, 1),
(16, 'Delicious Potato Meals', 'Freshly prepared delicious potato meals cooked using premium ingredients, signature herbs, and spices.', 270.00, 'https://images.unsplash.com/photo-1601050690597-df056fb4ce78?auto=format&fit=crop&w=500&q=80', 'Meals', 1, 1),
(16, 'Spicy Vegetable Pongal', 'Freshly prepared spicy vegetable pongal cooked using premium ingredients, signature herbs, and spices.', 410.00, 'https://images.unsplash.com/photo-1589301760014-d929f3979dbc?auto=format&fit=crop&w=500&q=80', 'Pongal', 1, 1),
(16, 'Toasted Paneer Pongal', 'Freshly prepared toasted paneer pongal cooked using premium ingredients, signature herbs, and spices.', 160.00, 'https://images.unsplash.com/photo-1668236543090-82eba5ee5976?auto=format&fit=crop&w=500&q=80', 'Pongal', 1, 1),
(16, 'Crispy Potato Vada', 'Freshly prepared crispy potato vada cooked using premium ingredients, signature herbs, and spices.', 140.00, 'https://images.unsplash.com/photo-1626132647523-66f5bf380027?auto=format&fit=crop&w=500&q=80', 'Vada', 1, 1),
(16, 'Traditional Sweet Corn Uttapam', 'Freshly prepared traditional sweet corn uttapam cooked using premium ingredients, signature herbs, and spices.', 390.00, 'https://images.unsplash.com/photo-1589301760014-d929f3979dbc?auto=format&fit=crop&w=500&q=80', 'Uttapam', 1, 1),
(17, 'Paneer Brownie Slice', 'Freshly prepared paneer brownie slice cooked using premium ingredients, signature herbs, and spices.', 320.00, 'https://images.unsplash.com/photo-1563805042-7684c019e1cb?auto=format&fit=crop&w=500&q=80', 'Brownie Slice', 1, 1),
(17, 'Vegetable Lassi', 'Freshly prepared vegetable lassi cooked using premium ingredients, signature herbs, and spices.', 410.00, 'https://images.unsplash.com/photo-1572490122747-3968b75cc699?auto=format&fit=crop&w=500&q=80', 'Lassi', 1, 1),
(17, 'Signature Potato Halwa', 'Freshly prepared signature potato halwa cooked using premium ingredients, signature herbs, and spices.', 330.00, 'https://images.unsplash.com/photo-1533134242443-d4fd215305ad?auto=format&fit=crop&w=500&q=80', 'Halwa', 1, 1),
(17, 'Traditional Cheese Milkshake', 'Freshly prepared traditional cheese milkshake cooked using premium ingredients, signature herbs, and spices.', 240.00, 'https://images.unsplash.com/photo-1572490122747-3968b75cc699?auto=format&fit=crop&w=500&q=80', 'Milkshake', 1, 1),
(17, 'Mushroom Mysore Pak', 'Freshly prepared mushroom mysore pak cooked using premium ingredients, signature herbs, and spices.', 390.00, 'https://images.unsplash.com/photo-1563805042-7684c019e1cb?auto=format&fit=crop&w=500&q=80', 'Mysore Pak', 1, 1),
(17, 'Classic Cheese Halwa', 'Freshly prepared classic cheese halwa cooked using premium ingredients, signature herbs, and spices.', 470.00, 'https://images.unsplash.com/photo-1572490122747-3968b75cc699?auto=format&fit=crop&w=500&q=80', 'Halwa', 1, 1),
(17, 'Premium Mushroom Sundae', 'Freshly prepared premium mushroom sundae cooked using premium ingredients, signature herbs, and spices.', 230.00, 'https://images.unsplash.com/photo-1587314168485-3236d6710814?auto=format&fit=crop&w=500&q=80', 'Sundae', 1, 1),
(17, 'Gourmet Paneer Halwa', 'Freshly prepared gourmet paneer halwa cooked using premium ingredients, signature herbs, and spices.', 270.00, 'https://images.unsplash.com/photo-1606313564200-e75d5e30476c?auto=format&fit=crop&w=500&q=80', 'Halwa', 1, 1),
(18, 'Hot Garlic Pizza', 'Freshly prepared hot garlic pizza cooked using premium ingredients, signature herbs, and spices.', 390.00, 'https://images.unsplash.com/photo-1571066811602-716837d681de?auto=format&fit=crop&w=500&q=80', 'Pizza', 1, 1),
(18, 'House Special Sausage Salad', 'Freshly prepared house special sausage salad cooked using premium ingredients, signature herbs, and spices.', 220.00, 'https://images.unsplash.com/photo-1628840042765-356cda07504e?auto=format&fit=crop&w=500&q=80', 'Salad', 0, 1),
(18, 'Authentic Paneer Noodles', 'Freshly prepared authentic paneer noodles cooked using premium ingredients, signature herbs, and spices.', 350.00, 'https://images.unsplash.com/photo-1565299624946-b28f40a0ae38?auto=format&fit=crop&w=500&q=80', 'Noodles', 1, 1),
(18, 'House Special Mutton Biryani', 'Freshly prepared house special mutton biryani cooked using premium ingredients, signature herbs, and spices.', 200.00, 'https://images.unsplash.com/photo-1565299624946-b28f40a0ae38?auto=format&fit=crop&w=500&q=80', 'Biryani', 0, 1),
(18, 'Spicy Mushroom Dessert', 'Freshly prepared spicy mushroom dessert cooked using premium ingredients, signature herbs, and spices.', 400.00, 'https://images.unsplash.com/photo-1579871494447-9811cf80d66c?auto=format&fit=crop&w=500&q=80', 'Dessert', 1, 1),
(18, 'Toasted Mutton Dessert', 'Freshly prepared toasted mutton dessert cooked using premium ingredients, signature herbs, and spices.', 430.00, 'https://images.unsplash.com/photo-1586190848861-99aa4a171e90?auto=format&fit=crop&w=500&q=80', 'Dessert', 0, 1),
(18, 'Gourmet Beef Salad', 'Freshly prepared gourmet beef salad cooked using premium ingredients, signature herbs, and spices.', 270.00, 'https://images.unsplash.com/photo-1668236543090-82eba5ee5976?auto=format&fit=crop&w=500&q=80', 'Salad', 0, 1),
(18, 'Signature Cottage Cheese Biryani', 'Freshly prepared signature cottage cheese biryani cooked using premium ingredients, signature herbs, and spices.', 180.00, 'https://images.unsplash.com/photo-1550547660-d9450f859349?auto=format&fit=crop&w=500&q=80', 'Biryani', 1, 1),
(19, 'Fresh Chicken Calzone', 'Freshly prepared fresh chicken calzone cooked using premium ingredients, signature herbs, and spices.', 160.00, 'https://images.unsplash.com/photo-1513104890138-7c749659a591?auto=format&fit=crop&w=500&q=80', 'Calzone', 0, 1),
(19, 'Fresh Fish Pasta', 'Freshly prepared fresh fish pasta cooked using premium ingredients, signature herbs, and spices.', 120.00, 'https://images.unsplash.com/photo-1513104890138-7c749659a591?auto=format&fit=crop&w=500&q=80', 'Pasta', 0, 1),
(19, 'Premium Mutton Pizza', 'Freshly prepared premium mutton pizza cooked using premium ingredients, signature herbs, and spices.', 430.00, 'https://images.unsplash.com/photo-1534308983496-4fabb1a015ee?auto=format&fit=crop&w=500&q=80', 'Pizza', 0, 1),
(19, 'Smoked Pepperoni Flatbread', 'Freshly prepared smoked pepperoni flatbread cooked using premium ingredients, signature herbs, and spices.', 220.00, 'https://images.unsplash.com/photo-1534308983496-4fabb1a015ee?auto=format&fit=crop&w=500&q=80', 'Flatbread', 0, 1),
(19, 'Hot Paneer Lasagna', 'Freshly prepared hot paneer lasagna cooked using premium ingredients, signature herbs, and spices.', 170.00, 'https://images.unsplash.com/photo-1574071318508-1cdbab80d002?auto=format&fit=crop&w=500&q=80', 'Lasagna', 1, 1),
(19, 'Classic Tofu Calzone', 'Freshly prepared classic tofu calzone cooked using premium ingredients, signature herbs, and spices.', 120.00, 'https://images.unsplash.com/photo-1628840042765-356cda07504e?auto=format&fit=crop&w=500&q=80', 'Calzone', 1, 1),
(19, 'Crispy Chicken Pasta', 'Freshly prepared crispy chicken pasta cooked using premium ingredients, signature herbs, and spices.', 210.00, 'https://images.unsplash.com/photo-1534308983496-4fabb1a015ee?auto=format&fit=crop&w=500&q=80', 'Pasta', 0, 1),
(19, 'Crispy Egg Garlic Bread', 'Freshly prepared crispy egg garlic bread cooked using premium ingredients, signature herbs, and spices.', 180.00, 'https://images.unsplash.com/photo-1534308983496-4fabb1a015ee?auto=format&fit=crop&w=500&q=80', 'Garlic Bread', 0, 1),
(20, 'Crispy Mutton Maki Sushi Roll', 'Freshly prepared crispy mutton maki sushi roll cooked using premium ingredients, signature herbs, and spices.', 120.00, 'https://images.unsplash.com/photo-1569718212165-3a8278d5f624?auto=format&fit=crop&w=500&q=80', 'Maki Sushi Roll', 0, 1),
(20, 'Smoked Bacon Noodle Soup', 'Freshly prepared smoked bacon noodle soup cooked using premium ingredients, signature herbs, and spices.', 300.00, 'https://images.unsplash.com/photo-1579871494447-9811cf80d66c?auto=format&fit=crop&w=500&q=80', 'Noodle Soup', 0, 1),
(20, 'Smoked Bacon Ramen Bowl', 'Freshly prepared smoked bacon ramen bowl cooked using premium ingredients, signature herbs, and spices.', 470.00, 'https://images.unsplash.com/photo-1583623025817-d180a2221d0a?auto=format&fit=crop&w=500&q=80', 'Ramen Bowl', 0, 1),
(20, 'Authentic Seafood Maki Sushi Roll', 'Freshly prepared authentic seafood maki sushi roll cooked using premium ingredients, signature herbs, and spices.', 210.00, 'https://images.unsplash.com/photo-1569718212165-3a8278d5f624?auto=format&fit=crop&w=500&q=80', 'Maki Sushi Roll', 0, 1),
(20, 'Authentic Bacon Stir Fry', 'Freshly prepared authentic bacon stir fry cooked using premium ingredients, signature herbs, and spices.', 290.00, 'https://images.unsplash.com/photo-1569718212165-3a8278d5f624?auto=format&fit=crop&w=500&q=80', 'Stir Fry', 0, 1),
(20, 'Spicy Mushroom Dumplings', 'Freshly prepared spicy mushroom dumplings cooked using premium ingredients, signature herbs, and spices.', 450.00, 'https://images.unsplash.com/photo-1552611052-33e04de081de?auto=format&fit=crop&w=500&q=80', 'Dumplings', 1, 1),
(20, 'Signature Sweet Corn Dumplings', 'Freshly prepared signature sweet corn dumplings cooked using premium ingredients, signature herbs, and spices.', 330.00, 'https://images.unsplash.com/photo-1583623025817-d180a2221d0a?auto=format&fit=crop&w=500&q=80', 'Dumplings', 1, 1),
(20, 'Traditional Pepperoni Dumplings', 'Freshly prepared traditional pepperoni dumplings cooked using premium ingredients, signature herbs, and spices.', 180.00, 'https://images.unsplash.com/photo-1583623025817-d180a2221d0a?auto=format&fit=crop&w=500&q=80', 'Dumplings', 0, 1),
(21, 'Smoked Potato Crab Cakes', 'Freshly prepared smoked potato crab cakes cooked using premium ingredients, signature herbs, and spices.', 400.00, 'https://images.unsplash.com/photo-1583623025817-d180a2221d0a?auto=format&fit=crop&w=500&q=80', 'Crab Cakes', 1, 1),
(21, 'Premium Avocado Seafood Platter', 'Freshly prepared premium avocado seafood platter cooked using premium ingredients, signature herbs, and spices.', 410.00, 'https://images.unsplash.com/photo-1552611052-33e04de081de?auto=format&fit=crop&w=500&q=80', 'Seafood Platter', 1, 1),
(21, 'Hot Beef Fish Fry', 'Freshly prepared hot beef fish fry cooked using premium ingredients, signature herbs, and spices.', 270.00, 'https://images.unsplash.com/photo-1569718212165-3a8278d5f624?auto=format&fit=crop&w=500&q=80', 'Fish Fry', 0, 1),
(21, 'Crispy Chicken Crab Cakes', 'Freshly prepared crispy chicken crab cakes cooked using premium ingredients, signature herbs, and spices.', 330.00, 'https://images.unsplash.com/photo-1583623025817-d180a2221d0a?auto=format&fit=crop&w=500&q=80', 'Crab Cakes', 0, 1),
(21, 'Smoked Garlic Crab Cakes', 'Freshly prepared smoked garlic crab cakes cooked using premium ingredients, signature herbs, and spices.', 450.00, 'https://images.unsplash.com/photo-1569718212165-3a8278d5f624?auto=format&fit=crop&w=500&q=80', 'Crab Cakes', 1, 1),
(21, 'Hot Egg Seafood Platter', 'Freshly prepared hot egg seafood platter cooked using premium ingredients, signature herbs, and spices.', 180.00, 'https://images.unsplash.com/photo-1579871494447-9811cf80d66c?auto=format&fit=crop&w=500&q=80', 'Seafood Platter', 0, 1),
(21, 'Authentic Bacon Prawn Curry', 'Freshly prepared authentic bacon prawn curry cooked using premium ingredients, signature herbs, and spices.', 430.00, 'https://images.unsplash.com/photo-1563245372-f21724e3856d?auto=format&fit=crop&w=500&q=80', 'Prawn Curry', 0, 1),
(21, 'Crispy Vegetable Fish Fry', 'Freshly prepared crispy vegetable fish fry cooked using premium ingredients, signature herbs, and spices.', 480.00, 'https://images.unsplash.com/photo-1552611052-33e04de081de?auto=format&fit=crop&w=500&q=80', 'Fish Fry', 1, 1),
(22, 'Traditional Cottage Cheese Curry', 'Freshly prepared traditional cottage cheese curry cooked using premium ingredients, signature herbs, and spices.', 340.00, 'https://images.unsplash.com/photo-1626777552726-4a6b54c97e46?auto=format&fit=crop&w=500&q=80', 'Curry', 1, 1),
(22, 'Fresh Cheese Masala', 'Freshly prepared fresh cheese masala cooked using premium ingredients, signature herbs, and spices.', 350.00, 'https://images.unsplash.com/photo-1626132647523-66f5bf380027?auto=format&fit=crop&w=500&q=80', 'Masala', 1, 1),
(22, 'Premium Sausage Curry', 'Freshly prepared premium sausage curry cooked using premium ingredients, signature herbs, and spices.', 160.00, 'https://images.unsplash.com/photo-1668236543090-82eba5ee5976?auto=format&fit=crop&w=500&q=80', 'Curry', 0, 1),
(22, 'Spicy Sweet Corn Naan', 'Freshly prepared spicy sweet corn naan cooked using premium ingredients, signature herbs, and spices.', 320.00, 'https://images.unsplash.com/photo-1626132647523-66f5bf380027?auto=format&fit=crop&w=500&q=80', 'Naan', 1, 1),
(22, 'Premium Mutton Masala', 'Freshly prepared premium mutton masala cooked using premium ingredients, signature herbs, and spices.', 330.00, 'https://images.unsplash.com/photo-1603360946369-dc9bb6258143?auto=format&fit=crop&w=500&q=80', 'Masala', 0, 1),
(22, 'Spicy Pepperoni Curry', 'Freshly prepared spicy pepperoni curry cooked using premium ingredients, signature herbs, and spices.', 280.00, 'https://images.unsplash.com/photo-1668236543090-82eba5ee5976?auto=format&fit=crop&w=500&q=80', 'Curry', 0, 1),
(22, 'Authentic Mutton Naan', 'Freshly prepared authentic mutton naan cooked using premium ingredients, signature herbs, and spices.', 330.00, 'https://images.unsplash.com/photo-1626777552726-4a6b54c97e46?auto=format&fit=crop&w=500&q=80', 'Naan', 0, 1),
(22, 'Fresh Sausage Korma', 'Freshly prepared fresh sausage korma cooked using premium ingredients, signature herbs, and spices.', 200.00, 'https://images.unsplash.com/photo-1626777552726-4a6b54c97e46?auto=format&fit=crop&w=500&q=80', 'Korma', 0, 1),
(23, 'Smoked Beef Noodles', 'Freshly prepared smoked beef noodles cooked using premium ingredients, signature herbs, and spices.', 390.00, 'https://images.unsplash.com/photo-1513104890138-7c749659a591?auto=format&fit=crop&w=500&q=80', 'Noodles', 0, 1),
(23, 'Premium Tofu Burger', 'Freshly prepared premium tofu burger cooked using premium ingredients, signature herbs, and spices.', 410.00, 'https://images.unsplash.com/photo-1568901346375-23c9450c58cd?auto=format&fit=crop&w=500&q=80', 'Burger', 1, 1),
(23, 'Traditional Paneer Dessert', 'Freshly prepared traditional paneer dessert cooked using premium ingredients, signature herbs, and spices.', 220.00, 'https://images.unsplash.com/photo-1626132647523-66f5bf380027?auto=format&fit=crop&w=500&q=80', 'Dessert', 1, 1),
(23, 'Gourmet Fish Noodles', 'Freshly prepared gourmet fish noodles cooked using premium ingredients, signature herbs, and spices.', 210.00, 'https://images.unsplash.com/photo-1589301760014-d929f3979dbc?auto=format&fit=crop&w=500&q=80', 'Noodles', 0, 1),
(23, 'Spicy Paneer Salad', 'Freshly prepared spicy paneer salad cooked using premium ingredients, signature herbs, and spices.', 180.00, 'https://images.unsplash.com/photo-1513156844825-8324f8c7976e?auto=format&fit=crop&w=500&q=80', 'Salad', 1, 1),
(23, 'Hot Chicken Noodles', 'Freshly prepared hot chicken noodles cooked using premium ingredients, signature herbs, and spices.', 190.00, 'https://images.unsplash.com/photo-1571066811602-716837d681de?auto=format&fit=crop&w=500&q=80', 'Noodles', 0, 1),
(23, 'Authentic Paneer Dessert', 'Freshly prepared authentic paneer dessert cooked using premium ingredients, signature herbs, and spices.', 480.00, 'https://images.unsplash.com/photo-1589301760014-d929f3979dbc?auto=format&fit=crop&w=500&q=80', 'Dessert', 1, 1),
(23, 'Authentic Mutton Pizza', 'Freshly prepared authentic mutton pizza cooked using premium ingredients, signature herbs, and spices.', 290.00, 'https://images.unsplash.com/photo-1569718212165-3a8278d5f624?auto=format&fit=crop&w=500&q=80', 'Pizza', 0, 1),
(24, 'Authentic Sweet Corn Manchurian', 'Freshly prepared authentic sweet corn manchurian cooked using premium ingredients, signature herbs, and spices.', 160.00, 'https://images.unsplash.com/photo-1583623025817-d180a2221d0a?auto=format&fit=crop&w=500&q=80', 'Manchurian', 1, 1),
(24, 'Delicious Cheese Spring Rolls', 'Freshly prepared delicious cheese spring rolls cooked using premium ingredients, signature herbs, and spices.', 120.00, 'https://images.unsplash.com/photo-1579871494447-9811cf80d66c?auto=format&fit=crop&w=500&q=80', 'Spring Rolls', 1, 1),
(24, 'Smoked Avocado Fried Rice', 'Freshly prepared smoked avocado fried rice cooked using premium ingredients, signature herbs, and spices.', 310.00, 'https://images.unsplash.com/photo-1569718212165-3a8278d5f624?auto=format&fit=crop&w=500&q=80', 'Fried Rice', 1, 1),
(24, 'Traditional Tofu Fried Rice', 'Freshly prepared traditional tofu fried rice cooked using premium ingredients, signature herbs, and spices.', 250.00, 'https://images.unsplash.com/photo-1583623025817-d180a2221d0a?auto=format&fit=crop&w=500&q=80', 'Fried Rice', 1, 1),
(24, 'Toasted Beef Dim Sums', 'Freshly prepared toasted beef dim sums cooked using premium ingredients, signature herbs, and spices.', 330.00, 'https://images.unsplash.com/photo-1563245372-f21724e3856d?auto=format&fit=crop&w=500&q=80', 'Dim Sums', 0, 1),
(24, 'Signature Paneer Hakka Noodles', 'Freshly prepared signature paneer hakka noodles cooked using premium ingredients, signature herbs, and spices.', 450.00, 'https://images.unsplash.com/photo-1563245372-f21724e3856d?auto=format&fit=crop&w=500&q=80', 'Hakka Noodles', 1, 1),
(24, 'Crispy Vegetable Hakka Noodles', 'Freshly prepared crispy vegetable hakka noodles cooked using premium ingredients, signature herbs, and spices.', 300.00, 'https://images.unsplash.com/photo-1583623025817-d180a2221d0a?auto=format&fit=crop&w=500&q=80', 'Hakka Noodles', 1, 1),
(24, 'Premium Sweet Corn Manchurian', 'Freshly prepared premium sweet corn manchurian cooked using premium ingredients, signature herbs, and spices.', 430.00, 'https://images.unsplash.com/photo-1552611052-33e04de081de?auto=format&fit=crop&w=500&q=80', 'Manchurian', 1, 1),
(25, 'Traditional Egg Wrap', 'Freshly prepared traditional egg wrap cooked using premium ingredients, signature herbs, and spices.', 440.00, 'https://images.unsplash.com/photo-1583623025817-d180a2221d0a?auto=format&fit=crop&w=500&q=80', 'Wrap', 0, 1),
(25, 'Smoked Fish Salad', 'Freshly prepared smoked fish salad cooked using premium ingredients, signature herbs, and spices.', 430.00, 'https://images.unsplash.com/photo-1589301760014-d929f3979dbc?auto=format&fit=crop&w=500&q=80', 'Salad', 0, 1),
(25, 'Delicious Vegetable Noodles', 'Freshly prepared delicious vegetable noodles cooked using premium ingredients, signature herbs, and spices.', 370.00, 'https://images.unsplash.com/photo-1571066811602-716837d681de?auto=format&fit=crop&w=500&q=80', 'Noodles', 1, 1),
(25, 'Hot Fish Salad', 'Freshly prepared hot fish salad cooked using premium ingredients, signature herbs, and spices.', 410.00, 'https://images.unsplash.com/photo-1668236543090-82eba5ee5976?auto=format&fit=crop&w=500&q=80', 'Salad', 0, 1),
(25, 'Classic Egg Biryani', 'Freshly prepared classic egg biryani cooked using premium ingredients, signature herbs, and spices.', 410.00, 'https://images.unsplash.com/photo-1574071318508-1cdbab80d002?auto=format&fit=crop&w=500&q=80', 'Biryani', 0, 1),
(25, 'Classic Pepperoni Wrap', 'Freshly prepared classic pepperoni wrap cooked using premium ingredients, signature herbs, and spices.', 390.00, 'https://images.unsplash.com/photo-1586190848861-99aa4a171e90?auto=format&fit=crop&w=500&q=80', 'Wrap', 0, 1),
(25, 'Fresh Avocado Dessert', 'Freshly prepared fresh avocado dessert cooked using premium ingredients, signature herbs, and spices.', 240.00, 'https://images.unsplash.com/photo-1586190848861-99aa4a171e90?auto=format&fit=crop&w=500&q=80', 'Dessert', 1, 1),
(25, 'Classic Paneer Noodles', 'Freshly prepared classic paneer noodles cooked using premium ingredients, signature herbs, and spices.', 420.00, 'https://images.unsplash.com/photo-1583623025817-d180a2221d0a?auto=format&fit=crop&w=500&q=80', 'Noodles', 1, 1),
(26, 'Traditional Vegetable Ramen Bowl', 'Freshly prepared traditional vegetable ramen bowl cooked using premium ingredients, signature herbs, and spices.', 420.00, 'https://images.unsplash.com/photo-1552611052-33e04de081de?auto=format&fit=crop&w=500&q=80', 'Ramen Bowl', 1, 1),
(26, 'House Special Bacon Stir Fry', 'Freshly prepared house special bacon stir fry cooked using premium ingredients, signature herbs, and spices.', 220.00, 'https://images.unsplash.com/photo-1563245372-f21724e3856d?auto=format&fit=crop&w=500&q=80', 'Stir Fry', 0, 1),
(26, 'Gourmet Pepperoni Ramen Bowl', 'Freshly prepared gourmet pepperoni ramen bowl cooked using premium ingredients, signature herbs, and spices.', 300.00, 'https://images.unsplash.com/photo-1569718212165-3a8278d5f624?auto=format&fit=crop&w=500&q=80', 'Ramen Bowl', 0, 1),
(26, 'House Special Cheese Dumplings', 'Freshly prepared house special cheese dumplings cooked using premium ingredients, signature herbs, and spices.', 270.00, 'https://images.unsplash.com/photo-1552611052-33e04de081de?auto=format&fit=crop&w=500&q=80', 'Dumplings', 1, 1),
(26, 'Toasted Seafood Stir Fry', 'Freshly prepared toasted seafood stir fry cooked using premium ingredients, signature herbs, and spices.', 280.00, 'https://images.unsplash.com/photo-1552611052-33e04de081de?auto=format&fit=crop&w=500&q=80', 'Stir Fry', 0, 1),
(26, 'House Special Fish Maki Sushi Roll', 'Freshly prepared house special fish maki sushi roll cooked using premium ingredients, signature herbs, and spices.', 320.00, 'https://images.unsplash.com/photo-1583623025817-d180a2221d0a?auto=format&fit=crop&w=500&q=80', 'Maki Sushi Roll', 0, 1),
(26, 'Spicy Tofu Dumplings', 'Freshly prepared spicy tofu dumplings cooked using premium ingredients, signature herbs, and spices.', 290.00, 'https://images.unsplash.com/photo-1583623025817-d180a2221d0a?auto=format&fit=crop&w=500&q=80', 'Dumplings', 1, 1),
(26, 'Spicy Tofu Stir Fry', 'Freshly prepared spicy tofu stir fry cooked using premium ingredients, signature herbs, and spices.', 160.00, 'https://images.unsplash.com/photo-1583623025817-d180a2221d0a?auto=format&fit=crop&w=500&q=80', 'Stir Fry', 1, 1),
(27, 'Traditional Garlic Wrap', 'Freshly prepared traditional garlic wrap cooked using premium ingredients, signature herbs, and spices.', 320.00, 'https://images.unsplash.com/photo-1513156844825-8324f8c7976e?auto=format&fit=crop&w=500&q=80', 'Wrap', 1, 1),
(27, 'Spicy Prawn Sandwich', 'Freshly prepared spicy prawn sandwich cooked using premium ingredients, signature herbs, and spices.', 220.00, 'https://images.unsplash.com/photo-1565299624946-b28f40a0ae38?auto=format&fit=crop&w=500&q=80', 'Sandwich', 0, 1),
(27, 'Toasted Potato Panini', 'Freshly prepared toasted potato panini cooked using premium ingredients, signature herbs, and spices.', 230.00, 'https://images.unsplash.com/photo-1586190848861-99aa4a171e90?auto=format&fit=crop&w=500&q=80', 'Panini', 1, 1),
(27, 'Premium Cheese Slider', 'Freshly prepared premium cheese slider cooked using premium ingredients, signature herbs, and spices.', 220.00, 'https://images.unsplash.com/photo-1565299624946-b28f40a0ae38?auto=format&fit=crop&w=500&q=80', 'Slider', 1, 1),
(27, 'Traditional Potato Sandwich', 'Freshly prepared traditional potato sandwich cooked using premium ingredients, signature herbs, and spices.', 180.00, 'https://images.unsplash.com/photo-1586190848861-99aa4a171e90?auto=format&fit=crop&w=500&q=80', 'Sandwich', 1, 1),
(27, 'Crispy Beef Sub', 'Freshly prepared crispy beef sub cooked using premium ingredients, signature herbs, and spices.', 400.00, 'https://images.unsplash.com/photo-1586190848861-99aa4a171e90?auto=format&fit=crop&w=500&q=80', 'Sub', 0, 1),
(27, 'Signature Bacon Melt', 'Freshly prepared signature bacon melt cooked using premium ingredients, signature herbs, and spices.', 300.00, 'https://images.unsplash.com/photo-1550547660-d9450f859349?auto=format&fit=crop&w=500&q=80', 'Melt', 0, 1),
(27, 'Signature Seafood Melt', 'Freshly prepared signature seafood melt cooked using premium ingredients, signature herbs, and spices.', 160.00, 'https://images.unsplash.com/photo-1565299624946-b28f40a0ae38?auto=format&fit=crop&w=500&q=80', 'Melt', 0, 1),
(28, 'Classic Avocado Idli', 'Freshly prepared classic avocado idli cooked using premium ingredients, signature herbs, and spices.', 330.00, 'https://images.unsplash.com/photo-1601050690597-df056fb4ce78?auto=format&fit=crop&w=500&q=80', 'Idli', 1, 1),
(28, 'Premium Cheese Akki Roti', 'Freshly prepared premium cheese akki roti cooked using premium ingredients, signature herbs, and spices.', 120.00, 'https://images.unsplash.com/photo-1626132647523-66f5bf380027?auto=format&fit=crop&w=500&q=80', 'Akki Roti', 1, 1),
(28, 'Hot Paneer Vada', 'Freshly prepared hot paneer vada cooked using premium ingredients, signature herbs, and spices.', 230.00, 'https://images.unsplash.com/photo-1668236543090-82eba5ee5976?auto=format&fit=crop&w=500&q=80', 'Vada', 1, 1),
(28, 'Signature Mushroom Parotta', 'Freshly prepared signature mushroom parotta cooked using premium ingredients, signature herbs, and spices.', 140.00, 'https://images.unsplash.com/photo-1589301760014-d929f3979dbc?auto=format&fit=crop&w=500&q=80', 'Parotta', 1, 1),
(28, 'Toasted Sweet Corn Pongal', 'Freshly prepared toasted sweet corn pongal cooked using premium ingredients, signature herbs, and spices.', 160.00, 'https://images.unsplash.com/photo-1668236543090-82eba5ee5976?auto=format&fit=crop&w=500&q=80', 'Pongal', 1, 1),
(28, 'Signature Garlic Idli', 'Freshly prepared signature garlic idli cooked using premium ingredients, signature herbs, and spices.', 320.00, 'https://images.unsplash.com/photo-1601050690597-df056fb4ce78?auto=format&fit=crop&w=500&q=80', 'Idli', 1, 1),
(28, 'Spicy Garlic Dosa', 'Freshly prepared spicy garlic dosa cooked using premium ingredients, signature herbs, and spices.', 180.00, 'https://images.unsplash.com/photo-1668236543090-82eba5ee5976?auto=format&fit=crop&w=500&q=80', 'Dosa', 1, 1),
(28, 'Premium Tofu Meals', 'Freshly prepared premium tofu meals cooked using premium ingredients, signature herbs, and spices.', 420.00, 'https://images.unsplash.com/photo-1668236543090-82eba5ee5976?auto=format&fit=crop&w=500&q=80', 'Meals', 1, 1),
(29, 'Gourmet Bacon Wrap', 'Freshly prepared gourmet bacon wrap cooked using premium ingredients, signature herbs, and spices.', 450.00, 'https://images.unsplash.com/photo-1574071318508-1cdbab80d002?auto=format&fit=crop&w=500&q=80', 'Wrap', 0, 1),
(29, 'Signature Mushroom Pizza', 'Freshly prepared signature mushroom pizza cooked using premium ingredients, signature herbs, and spices.', 260.00, 'https://images.unsplash.com/photo-1534308983496-4fabb1a015ee?auto=format&fit=crop&w=500&q=80', 'Pizza', 1, 1),
(29, 'Delicious Prawn Wrap', 'Freshly prepared delicious prawn wrap cooked using premium ingredients, signature herbs, and spices.', 480.00, 'https://images.unsplash.com/photo-1586190848861-99aa4a171e90?auto=format&fit=crop&w=500&q=80', 'Wrap', 0, 1),
(29, 'Authentic Vegetable Noodles', 'Freshly prepared authentic vegetable noodles cooked using premium ingredients, signature herbs, and spices.', 370.00, 'https://images.unsplash.com/photo-1513156844825-8324f8c7976e?auto=format&fit=crop&w=500&q=80', 'Noodles', 1, 1),
(29, 'Hot Vegetable Pizza', 'Freshly prepared hot vegetable pizza cooked using premium ingredients, signature herbs, and spices.', 470.00, 'https://images.unsplash.com/photo-1571066811602-716837d681de?auto=format&fit=crop&w=500&q=80', 'Pizza', 1, 1),
(29, 'Spicy Seafood Dessert', 'Freshly prepared spicy seafood dessert cooked using premium ingredients, signature herbs, and spices.', 120.00, 'https://images.unsplash.com/photo-1563245372-f21724e3856d?auto=format&fit=crop&w=500&q=80', 'Dessert', 0, 1),
(29, 'Toasted Paneer Salad', 'Freshly prepared toasted paneer salad cooked using premium ingredients, signature herbs, and spices.', 420.00, 'https://images.unsplash.com/photo-1601050690597-df056fb4ce78?auto=format&fit=crop&w=500&q=80', 'Salad', 1, 1),
(29, 'Delicious Fish Wrap', 'Freshly prepared delicious fish wrap cooked using premium ingredients, signature herbs, and spices.', 230.00, 'https://images.unsplash.com/photo-1534308983496-4fabb1a015ee?auto=format&fit=crop&w=500&q=80', 'Wrap', 0, 1),
(30, 'Smoked Seafood Dim Sums', 'Freshly prepared smoked seafood dim sums cooked using premium ingredients, signature herbs, and spices.', 210.00, 'https://images.unsplash.com/photo-1569718212165-3a8278d5f624?auto=format&fit=crop&w=500&q=80', 'Dim Sums', 0, 1),
(30, 'Traditional Paneer Hakka Noodles', 'Freshly prepared traditional paneer hakka noodles cooked using premium ingredients, signature herbs, and spices.', 140.00, 'https://images.unsplash.com/photo-1579871494447-9811cf80d66c?auto=format&fit=crop&w=500&q=80', 'Hakka Noodles', 1, 1),
(30, 'Signature Egg Hakka Noodles', 'Freshly prepared signature egg hakka noodles cooked using premium ingredients, signature herbs, and spices.', 190.00, 'https://images.unsplash.com/photo-1563245372-f21724e3856d?auto=format&fit=crop&w=500&q=80', 'Hakka Noodles', 0, 1),
(30, 'Toasted Vegetable Fried Rice', 'Freshly prepared toasted vegetable fried rice cooked using premium ingredients, signature herbs, and spices.', 330.00, 'https://images.unsplash.com/photo-1569718212165-3a8278d5f624?auto=format&fit=crop&w=500&q=80', 'Fried Rice', 1, 1),
(30, 'Premium Prawn Manchurian', 'Freshly prepared premium prawn manchurian cooked using premium ingredients, signature herbs, and spices.', 410.00, 'https://images.unsplash.com/photo-1579871494447-9811cf80d66c?auto=format&fit=crop&w=500&q=80', 'Manchurian', 0, 1),
(30, 'House Special Paneer Dim Sums', 'Freshly prepared house special paneer dim sums cooked using premium ingredients, signature herbs, and spices.', 290.00, 'https://images.unsplash.com/photo-1579871494447-9811cf80d66c?auto=format&fit=crop&w=500&q=80', 'Dim Sums', 1, 1),
(30, 'Fresh Avocado Hakka Noodles', 'Freshly prepared fresh avocado hakka noodles cooked using premium ingredients, signature herbs, and spices.', 250.00, 'https://images.unsplash.com/photo-1583623025817-d180a2221d0a?auto=format&fit=crop&w=500&q=80', 'Hakka Noodles', 1, 1),
(30, 'Toasted Bacon Fried Rice', 'Freshly prepared toasted bacon fried rice cooked using premium ingredients, signature herbs, and spices.', 240.00, 'https://images.unsplash.com/photo-1569718212165-3a8278d5f624?auto=format&fit=crop&w=500&q=80', 'Fried Rice', 0, 1),
(31, 'House Special Mushroom Parotta', 'Freshly prepared house special mushroom parotta cooked using premium ingredients, signature herbs, and spices.', 340.00, 'https://images.unsplash.com/photo-1601050690597-df056fb4ce78?auto=format&fit=crop&w=500&q=80', 'Parotta', 1, 1),
(31, 'Hot Sweet Corn Dosa', 'Freshly prepared hot sweet corn dosa cooked using premium ingredients, signature herbs, and spices.', 360.00, 'https://images.unsplash.com/photo-1668236543090-82eba5ee5976?auto=format&fit=crop&w=500&q=80', 'Dosa', 1, 1),
(31, 'Authentic Paneer Vada', 'Freshly prepared authentic paneer vada cooked using premium ingredients, signature herbs, and spices.', 290.00, 'https://images.unsplash.com/photo-1589301760014-d929f3979dbc?auto=format&fit=crop&w=500&q=80', 'Vada', 1, 1),
(31, 'Spicy Tofu Pongal', 'Freshly prepared spicy tofu pongal cooked using premium ingredients, signature herbs, and spices.', 150.00, 'https://images.unsplash.com/photo-1668236543090-82eba5ee5976?auto=format&fit=crop&w=500&q=80', 'Pongal', 1, 1),
(31, 'Signature Cheese Uttapam', 'Freshly prepared signature cheese uttapam cooked using premium ingredients, signature herbs, and spices.', 330.00, 'https://images.unsplash.com/photo-1626132647523-66f5bf380027?auto=format&fit=crop&w=500&q=80', 'Uttapam', 1, 1),
(31, 'Classic Potato Dosa', 'Freshly prepared classic potato dosa cooked using premium ingredients, signature herbs, and spices.', 390.00, 'https://images.unsplash.com/photo-1589301760014-d929f3979dbc?auto=format&fit=crop&w=500&q=80', 'Dosa', 1, 1),
(31, 'Delicious Avocado Parotta', 'Freshly prepared delicious avocado parotta cooked using premium ingredients, signature herbs, and spices.', 400.00, 'https://images.unsplash.com/photo-1668236543090-82eba5ee5976?auto=format&fit=crop&w=500&q=80', 'Parotta', 1, 1),
(31, 'Delicious Tofu Pongal', 'Freshly prepared delicious tofu pongal cooked using premium ingredients, signature herbs, and spices.', 440.00, 'https://images.unsplash.com/photo-1626132647523-66f5bf380027?auto=format&fit=crop&w=500&q=80', 'Pongal', 1, 1),
(32, 'Crispy Avocado Pizza', 'Freshly prepared crispy avocado pizza cooked using premium ingredients, signature herbs, and spices.', 380.00, 'https://images.unsplash.com/photo-1534308983496-4fabb1a015ee?auto=format&fit=crop&w=500&q=80', 'Pizza', 1, 1),
(32, 'Authentic Sausage Pizza', 'Freshly prepared authentic sausage pizza cooked using premium ingredients, signature herbs, and spices.', 250.00, 'https://images.unsplash.com/photo-1513104890138-7c749659a591?auto=format&fit=crop&w=500&q=80', 'Pizza', 0, 1),
(32, 'Premium Pepperoni Garlic Bread', 'Freshly prepared premium pepperoni garlic bread cooked using premium ingredients, signature herbs, and spices.', 280.00, 'https://images.unsplash.com/photo-1628840042765-356cda07504e?auto=format&fit=crop&w=500&q=80', 'Garlic Bread', 0, 1),
(32, 'Crispy Tofu Pizza', 'Freshly prepared crispy tofu pizza cooked using premium ingredients, signature herbs, and spices.', 470.00, 'https://images.unsplash.com/photo-1571066811602-716837d681de?auto=format&fit=crop&w=500&q=80', 'Pizza', 1, 1),
(32, 'Fresh Vegetable Fettuccine', 'Freshly prepared fresh vegetable fettuccine cooked using premium ingredients, signature herbs, and spices.', 210.00, 'https://images.unsplash.com/photo-1628840042765-356cda07504e?auto=format&fit=crop&w=500&q=80', 'Fettuccine', 1, 1),
(32, 'Traditional Egg Lasagna', 'Freshly prepared traditional egg lasagna cooked using premium ingredients, signature herbs, and spices.', 280.00, 'https://images.unsplash.com/photo-1513104890138-7c749659a591?auto=format&fit=crop&w=500&q=80', 'Lasagna', 0, 1),
(32, 'Authentic Mutton Fettuccine', 'Freshly prepared authentic mutton fettuccine cooked using premium ingredients, signature herbs, and spices.', 240.00, 'https://images.unsplash.com/photo-1571066811602-716837d681de?auto=format&fit=crop&w=500&q=80', 'Fettuccine', 0, 1),
(32, 'Smoked Tofu Garlic Bread', 'Freshly prepared smoked tofu garlic bread cooked using premium ingredients, signature herbs, and spices.', 180.00, 'https://images.unsplash.com/photo-1571066811602-716837d681de?auto=format&fit=crop&w=500&q=80', 'Garlic Bread', 1, 1),
(33, 'Traditional Mushroom Tikka', 'Freshly prepared traditional mushroom tikka cooked using premium ingredients, signature herbs, and spices.', 460.00, 'https://images.unsplash.com/photo-1603360946369-dc9bb6258143?auto=format&fit=crop&w=500&q=80', 'Tikka', 1, 1),
(33, 'Crispy Fish Gravy', 'Freshly prepared crispy fish gravy cooked using premium ingredients, signature herbs, and spices.', 150.00, 'https://images.unsplash.com/photo-1603360946369-dc9bb6258143?auto=format&fit=crop&w=500&q=80', 'Gravy', 0, 1),
(33, 'Smoked Prawn Pulao', 'Freshly prepared smoked prawn pulao cooked using premium ingredients, signature herbs, and spices.', 240.00, 'https://images.unsplash.com/photo-1563379091339-03b21ab4a4f8?auto=format&fit=crop&w=500&q=80', 'Pulao', 0, 1),
(33, 'Toasted Pepperoni Kabab', 'Freshly prepared toasted pepperoni kabab cooked using premium ingredients, signature herbs, and spices.', 420.00, 'https://images.unsplash.com/photo-1633945274405-b6c8069047b0?auto=format&fit=crop&w=500&q=80', 'Kabab', 0, 1),
(33, 'House Special Pepperoni Kabab', 'Freshly prepared house special pepperoni kabab cooked using premium ingredients, signature herbs, and spices.', 200.00, 'https://images.unsplash.com/photo-1603360946369-dc9bb6258143?auto=format&fit=crop&w=500&q=80', 'Kabab', 0, 1),
(33, 'Crispy Pepperoni Tikka', 'Freshly prepared crispy pepperoni tikka cooked using premium ingredients, signature herbs, and spices.', 430.00, 'https://images.unsplash.com/photo-1626777552726-4a6b54c97e46?auto=format&fit=crop&w=500&q=80', 'Tikka', 0, 1),
(33, 'House Special Seafood Kabab', 'Freshly prepared house special seafood kabab cooked using premium ingredients, signature herbs, and spices.', 420.00, 'https://images.unsplash.com/photo-1626777552726-4a6b54c97e46?auto=format&fit=crop&w=500&q=80', 'Kabab', 0, 1),
(33, 'Authentic Fish Kabab', 'Freshly prepared authentic fish kabab cooked using premium ingredients, signature herbs, and spices.', 370.00, 'https://images.unsplash.com/photo-1603360946369-dc9bb6258143?auto=format&fit=crop&w=500&q=80', 'Kabab', 0, 1),
(34, 'Authentic Vegetable Akki Roti', 'Freshly prepared authentic vegetable akki roti cooked using premium ingredients, signature herbs, and spices.', 350.00, 'https://images.unsplash.com/photo-1601050690597-df056fb4ce78?auto=format&fit=crop&w=500&q=80', 'Akki Roti', 1, 1),
(34, 'Authentic Sweet Corn Idli', 'Freshly prepared authentic sweet corn idli cooked using premium ingredients, signature herbs, and spices.', 340.00, 'https://images.unsplash.com/photo-1589301760014-d929f3979dbc?auto=format&fit=crop&w=500&q=80', 'Idli', 1, 1),
(34, 'Traditional Tofu Akki Roti', 'Freshly prepared traditional tofu akki roti cooked using premium ingredients, signature herbs, and spices.', 430.00, 'https://images.unsplash.com/photo-1626132647523-66f5bf380027?auto=format&fit=crop&w=500&q=80', 'Akki Roti', 1, 1),
(34, 'Fresh Avocado Meals', 'Freshly prepared fresh avocado meals cooked using premium ingredients, signature herbs, and spices.', 330.00, 'https://images.unsplash.com/photo-1626132647523-66f5bf380027?auto=format&fit=crop&w=500&q=80', 'Meals', 1, 1),
(34, 'Crispy Sweet Corn Idli', 'Freshly prepared crispy sweet corn idli cooked using premium ingredients, signature herbs, and spices.', 400.00, 'https://images.unsplash.com/photo-1601050690597-df056fb4ce78?auto=format&fit=crop&w=500&q=80', 'Idli', 1, 1),
(34, 'Authentic Avocado Idli', 'Freshly prepared authentic avocado idli cooked using premium ingredients, signature herbs, and spices.', 220.00, 'https://images.unsplash.com/photo-1589301760014-d929f3979dbc?auto=format&fit=crop&w=500&q=80', 'Idli', 1, 1),
(34, 'Delicious Paneer Uttapam', 'Freshly prepared delicious paneer uttapam cooked using premium ingredients, signature herbs, and spices.', 430.00, 'https://images.unsplash.com/photo-1589301760014-d929f3979dbc?auto=format&fit=crop&w=500&q=80', 'Uttapam', 1, 1),
(34, 'House Special Sweet Corn Dosa', 'Freshly prepared house special sweet corn dosa cooked using premium ingredients, signature herbs, and spices.', 250.00, 'https://images.unsplash.com/photo-1668236543090-82eba5ee5976?auto=format&fit=crop&w=500&q=80', 'Dosa', 1, 1),
(35, 'Authentic Garlic Sundae', 'Freshly prepared authentic garlic sundae cooked using premium ingredients, signature herbs, and spices.', 200.00, 'https://images.unsplash.com/photo-1533134242443-d4fd215305ad?auto=format&fit=crop&w=500&q=80', 'Sundae', 1, 1),
(35, 'Toasted Tofu Sundae', 'Freshly prepared toasted tofu sundae cooked using premium ingredients, signature herbs, and spices.', 310.00, 'https://images.unsplash.com/photo-1587314168485-3236d6710814?auto=format&fit=crop&w=500&q=80', 'Sundae', 1, 1),
(35, 'Delicious Avocado Cheesecakes', 'Freshly prepared delicious avocado cheesecakes cooked using premium ingredients, signature herbs, and spices.', 190.00, 'https://images.unsplash.com/photo-1533134242443-d4fd215305ad?auto=format&fit=crop&w=500&q=80', 'Cheesecakes', 1, 1),
(35, 'Tofu Cheesecakes', 'Freshly prepared tofu cheesecakes cooked using premium ingredients, signature herbs, and spices.', 220.00, 'https://images.unsplash.com/photo-1587314168485-3236d6710814?auto=format&fit=crop&w=500&q=80', 'Cheesecakes', 1, 1),
(35, 'Classic Vegetable Milkshake', 'Freshly prepared classic vegetable milkshake cooked using premium ingredients, signature herbs, and spices.', 360.00, 'https://images.unsplash.com/photo-1563805042-7684c019e1cb?auto=format&fit=crop&w=500&q=80', 'Milkshake', 1, 1),
(35, 'Potato Brownie Slice', 'Freshly prepared potato brownie slice cooked using premium ingredients, signature herbs, and spices.', 420.00, 'https://images.unsplash.com/photo-1587314168485-3236d6710814?auto=format&fit=crop&w=500&q=80', 'Brownie Slice', 1, 1),
(35, 'Traditional Garlic Brownie Slice', 'Freshly prepared traditional garlic brownie slice cooked using premium ingredients, signature herbs, and spices.', 250.00, 'https://images.unsplash.com/photo-1572490122747-3968b75cc699?auto=format&fit=crop&w=500&q=80', 'Brownie Slice', 1, 1),
(35, 'Smoked Mushroom Mysore Pak', 'Freshly prepared smoked mushroom mysore pak cooked using premium ingredients, signature herbs, and spices.', 260.00, 'https://images.unsplash.com/photo-1587314168485-3236d6710814?auto=format&fit=crop&w=500&q=80', 'Mysore Pak', 1, 1),
(36, 'Spicy Sausage Pizza', 'Freshly prepared spicy sausage pizza cooked using premium ingredients, signature herbs, and spices.', 280.00, 'https://images.unsplash.com/photo-1628840042765-356cda07504e?auto=format&fit=crop&w=500&q=80', 'Pizza', 0, 1),
(36, 'Fresh Garlic Pizza', 'Freshly prepared fresh garlic pizza cooked using premium ingredients, signature herbs, and spices.', 140.00, 'https://images.unsplash.com/photo-1513104890138-7c749659a591?auto=format&fit=crop&w=500&q=80', 'Pizza', 1, 1),
(36, 'Authentic Sausage Calzone', 'Freshly prepared authentic sausage calzone cooked using premium ingredients, signature herbs, and spices.', 450.00, 'https://images.unsplash.com/photo-1628840042765-356cda07504e?auto=format&fit=crop&w=500&q=80', 'Calzone', 0, 1),
(36, 'Traditional Seafood Lasagna', 'Freshly prepared traditional seafood lasagna cooked using premium ingredients, signature herbs, and spices.', 410.00, 'https://images.unsplash.com/photo-1571066811602-716837d681de?auto=format&fit=crop&w=500&q=80', 'Lasagna', 0, 1),
(36, 'Premium Avocado Pasta', 'Freshly prepared premium avocado pasta cooked using premium ingredients, signature herbs, and spices.', 120.00, 'https://images.unsplash.com/photo-1574071318508-1cdbab80d002?auto=format&fit=crop&w=500&q=80', 'Pasta', 1, 1),
(36, 'Crispy Mutton Flatbread', 'Freshly prepared crispy mutton flatbread cooked using premium ingredients, signature herbs, and spices.', 310.00, 'https://images.unsplash.com/photo-1513104890138-7c749659a591?auto=format&fit=crop&w=500&q=80', 'Flatbread', 0, 1),
(36, 'Hot Chicken Pizza', 'Freshly prepared hot chicken pizza cooked using premium ingredients, signature herbs, and spices.', 260.00, 'https://images.unsplash.com/photo-1574071318508-1cdbab80d002?auto=format&fit=crop&w=500&q=80', 'Pizza', 0, 1),
(36, 'House Special Egg Fettuccine', 'Freshly prepared house special egg fettuccine cooked using premium ingredients, signature herbs, and spices.', 460.00, 'https://images.unsplash.com/photo-1571066811602-716837d681de?auto=format&fit=crop&w=500&q=80', 'Fettuccine', 0, 1),
(37, 'Toasted Cheese Pulao', 'Freshly prepared toasted cheese pulao cooked using premium ingredients, signature herbs, and spices.', 270.00, 'https://images.unsplash.com/photo-1563379091339-03b21ab4a4f8?auto=format&fit=crop&w=500&q=80', 'Pulao', 1, 1),
(37, 'Fresh Mutton Ghee Rice', 'Freshly prepared fresh mutton ghee rice cooked using premium ingredients, signature herbs, and spices.', 410.00, 'https://images.unsplash.com/photo-1626777552726-4a6b54c97e46?auto=format&fit=crop&w=500&q=80', 'Ghee Rice', 0, 1),
(37, 'Spicy Cheese Curry', 'Freshly prepared spicy cheese curry cooked using premium ingredients, signature herbs, and spices.', 140.00, 'https://images.unsplash.com/photo-1563379091339-03b21ab4a4f8?auto=format&fit=crop&w=500&q=80', 'Curry', 1, 1),
(37, 'Fresh Cheese Dum Biryani', 'Freshly prepared fresh cheese dum biryani cooked using premium ingredients, signature herbs, and spices.', 340.00, 'https://images.unsplash.com/photo-1563379091339-03b21ab4a4f8?auto=format&fit=crop&w=500&q=80', 'Dum Biryani', 1, 1),
(37, 'Traditional Vegetable Pulao', 'Freshly prepared traditional vegetable pulao cooked using premium ingredients, signature herbs, and spices.', 380.00, 'https://images.unsplash.com/photo-1603360946369-dc9bb6258143?auto=format&fit=crop&w=500&q=80', 'Pulao', 1, 1),
(37, 'Delicious Prawn Pulao', 'Freshly prepared delicious prawn pulao cooked using premium ingredients, signature herbs, and spices.', 350.00, 'https://images.unsplash.com/photo-1633945274405-b6c8069047b0?auto=format&fit=crop&w=500&q=80', 'Pulao', 0, 1),
(37, 'Authentic Chicken Pulao', 'Freshly prepared authentic chicken pulao cooked using premium ingredients, signature herbs, and spices.', 420.00, 'https://images.unsplash.com/photo-1563379091339-03b21ab4a4f8?auto=format&fit=crop&w=500&q=80', 'Pulao', 0, 1),
(37, 'Smoked Fish Kabab', 'Freshly prepared smoked fish kabab cooked using premium ingredients, signature herbs, and spices.', 270.00, 'https://images.unsplash.com/photo-1633945274405-b6c8069047b0?auto=format&fit=crop&w=500&q=80', 'Kabab', 0, 1),
(38, 'Hot Vegetable Fried Rice', 'Freshly prepared hot vegetable fried rice cooked using premium ingredients, signature herbs, and spices.', 470.00, 'https://images.unsplash.com/photo-1569718212165-3a8278d5f624?auto=format&fit=crop&w=500&q=80', 'Fried Rice', 1, 1),
(38, 'Traditional Mutton Dim Sums', 'Freshly prepared traditional mutton dim sums cooked using premium ingredients, signature herbs, and spices.', 450.00, 'https://images.unsplash.com/photo-1563245372-f21724e3856d?auto=format&fit=crop&w=500&q=80', 'Dim Sums', 0, 1),
(38, 'Gourmet Avocado Spring Rolls', 'Freshly prepared gourmet avocado spring rolls cooked using premium ingredients, signature herbs, and spices.', 440.00, 'https://images.unsplash.com/photo-1569718212165-3a8278d5f624?auto=format&fit=crop&w=500&q=80', 'Spring Rolls', 1, 1),
(38, 'Toasted Prawn Fried Rice', 'Freshly prepared toasted prawn fried rice cooked using premium ingredients, signature herbs, and spices.', 310.00, 'https://images.unsplash.com/photo-1563245372-f21724e3856d?auto=format&fit=crop&w=500&q=80', 'Fried Rice', 0, 1),
(38, 'House Special Fish Hakka Noodles', 'Freshly prepared house special fish hakka noodles cooked using premium ingredients, signature herbs, and spices.', 190.00, 'https://images.unsplash.com/photo-1569718212165-3a8278d5f624?auto=format&fit=crop&w=500&q=80', 'Hakka Noodles', 0, 1),
(38, 'Authentic Pepperoni Dim Sums', 'Freshly prepared authentic pepperoni dim sums cooked using premium ingredients, signature herbs, and spices.', 140.00, 'https://images.unsplash.com/photo-1569718212165-3a8278d5f624?auto=format&fit=crop&w=500&q=80', 'Dim Sums', 0, 1),
(38, 'Smoked Prawn Hakka Noodles', 'Freshly prepared smoked prawn hakka noodles cooked using premium ingredients, signature herbs, and spices.', 370.00, 'https://images.unsplash.com/photo-1563245372-f21724e3856d?auto=format&fit=crop&w=500&q=80', 'Hakka Noodles', 0, 1),
(38, 'Premium Tofu Fried Rice', 'Freshly prepared premium tofu fried rice cooked using premium ingredients, signature herbs, and spices.', 270.00, 'https://images.unsplash.com/photo-1563245372-f21724e3856d?auto=format&fit=crop&w=500&q=80', 'Fried Rice', 1, 1),
(39, 'Classic Paneer Akki Roti', 'Freshly prepared classic paneer akki roti cooked using premium ingredients, signature herbs, and spices.', 210.00, 'https://images.unsplash.com/photo-1626132647523-66f5bf380027?auto=format&fit=crop&w=500&q=80', 'Akki Roti', 1, 1),
(39, 'House Special Potato Meals', 'Freshly prepared house special potato meals cooked using premium ingredients, signature herbs, and spices.', 300.00, 'https://images.unsplash.com/photo-1589301760014-d929f3979dbc?auto=format&fit=crop&w=500&q=80', 'Meals', 1, 1),
(39, 'Fresh Paneer Uttapam', 'Freshly prepared fresh paneer uttapam cooked using premium ingredients, signature herbs, and spices.', 360.00, 'https://images.unsplash.com/photo-1668236543090-82eba5ee5976?auto=format&fit=crop&w=500&q=80', 'Uttapam', 1, 1),
(39, 'Smoked Cheese Meals', 'Freshly prepared smoked cheese meals cooked using premium ingredients, signature herbs, and spices.', 300.00, 'https://images.unsplash.com/photo-1668236543090-82eba5ee5976?auto=format&fit=crop&w=500&q=80', 'Meals', 1, 1),
(39, 'Spicy Mushroom Dosa', 'Freshly prepared spicy mushroom dosa cooked using premium ingredients, signature herbs, and spices.', 210.00, 'https://images.unsplash.com/photo-1601050690597-df056fb4ce78?auto=format&fit=crop&w=500&q=80', 'Dosa', 1, 1),
(39, 'Delicious Cheese Pongal', 'Freshly prepared delicious cheese pongal cooked using premium ingredients, signature herbs, and spices.', 350.00, 'https://images.unsplash.com/photo-1626132647523-66f5bf380027?auto=format&fit=crop&w=500&q=80', 'Pongal', 1, 1),
(39, 'Traditional Sweet Corn Meals', 'Freshly prepared traditional sweet corn meals cooked using premium ingredients, signature herbs, and spices.', 140.00, 'https://images.unsplash.com/photo-1589301760014-d929f3979dbc?auto=format&fit=crop&w=500&q=80', 'Meals', 1, 1),
(39, 'Delicious Potato Dosa', 'Freshly prepared delicious potato dosa cooked using premium ingredients, signature herbs, and spices.', 300.00, 'https://images.unsplash.com/photo-1668236543090-82eba5ee5976?auto=format&fit=crop&w=500&q=80', 'Dosa', 1, 1),
(40, 'Classic Cottage Cheese Parotta', 'Freshly prepared classic cottage cheese parotta cooked using premium ingredients, signature herbs, and spices.', 330.00, 'https://images.unsplash.com/photo-1589301760014-d929f3979dbc?auto=format&fit=crop&w=500&q=80', 'Parotta', 1, 1),
(40, 'Traditional Potato Vada', 'Freshly prepared traditional potato vada cooked using premium ingredients, signature herbs, and spices.', 320.00, 'https://images.unsplash.com/photo-1626132647523-66f5bf380027?auto=format&fit=crop&w=500&q=80', 'Vada', 1, 1),
(40, 'Authentic Sweet Corn Vada', 'Freshly prepared authentic sweet corn vada cooked using premium ingredients, signature herbs, and spices.', 360.00, 'https://images.unsplash.com/photo-1589301760014-d929f3979dbc?auto=format&fit=crop&w=500&q=80', 'Vada', 1, 1),
(40, 'Signature Mushroom Vada', 'Freshly prepared signature mushroom vada cooked using premium ingredients, signature herbs, and spices.', 340.00, 'https://images.unsplash.com/photo-1601050690597-df056fb4ce78?auto=format&fit=crop&w=500&q=80', 'Vada', 1, 1),
(40, 'Signature Avocado Pongal', 'Freshly prepared signature avocado pongal cooked using premium ingredients, signature herbs, and spices.', 350.00, 'https://images.unsplash.com/photo-1589301760014-d929f3979dbc?auto=format&fit=crop&w=500&q=80', 'Pongal', 1, 1),
(40, 'Hot Cheese Pongal', 'Freshly prepared hot cheese pongal cooked using premium ingredients, signature herbs, and spices.', 330.00, 'https://images.unsplash.com/photo-1601050690597-df056fb4ce78?auto=format&fit=crop&w=500&q=80', 'Pongal', 1, 1),
(40, 'Traditional Sweet Corn Idli', 'Freshly prepared traditional sweet corn idli cooked using premium ingredients, signature herbs, and spices.', 180.00, 'https://images.unsplash.com/photo-1668236543090-82eba5ee5976?auto=format&fit=crop&w=500&q=80', 'Idli', 1, 1),
(40, 'Signature Paneer Vada', 'Freshly prepared signature paneer vada cooked using premium ingredients, signature herbs, and spices.', 320.00, 'https://images.unsplash.com/photo-1626132647523-66f5bf380027?auto=format&fit=crop&w=500&q=80', 'Vada', 1, 1),
(41, 'Gourmet Mushroom Tandoori Tikka', 'Freshly prepared gourmet mushroom tandoori tikka cooked using premium ingredients, signature herbs, and spices.', 310.00, 'https://images.unsplash.com/photo-1626132647523-66f5bf380027?auto=format&fit=crop&w=500&q=80', 'Tandoori Tikka', 1, 1),
(41, 'Toasted Vegetable Roti', 'Freshly prepared toasted vegetable roti cooked using premium ingredients, signature herbs, and spices.', 280.00, 'https://images.unsplash.com/photo-1601050690597-df056fb4ce78?auto=format&fit=crop&w=500&q=80', 'Roti', 1, 1),
(41, 'Smoked Sausage Thali', 'Freshly prepared smoked sausage thali cooked using premium ingredients, signature herbs, and spices.', 430.00, 'https://images.unsplash.com/photo-1626132647523-66f5bf380027?auto=format&fit=crop&w=500&q=80', 'Thali', 0, 1),
(41, 'Smoked Fish Masala', 'Freshly prepared smoked fish masala cooked using premium ingredients, signature herbs, and spices.', 450.00, 'https://images.unsplash.com/photo-1601050690597-df056fb4ce78?auto=format&fit=crop&w=500&q=80', 'Masala', 0, 1),
(41, 'Premium Sausage Curry', 'Freshly prepared premium sausage curry cooked using premium ingredients, signature herbs, and spices.', 170.00, 'https://images.unsplash.com/photo-1626132647523-66f5bf380027?auto=format&fit=crop&w=500&q=80', 'Curry', 0, 1),
(41, 'Crispy Mushroom Roti', 'Freshly prepared crispy mushroom roti cooked using premium ingredients, signature herbs, and spices.', 370.00, 'https://images.unsplash.com/photo-1626777552726-4a6b54c97e46?auto=format&fit=crop&w=500&q=80', 'Roti', 1, 1),
(41, 'Premium Sausage Tandoori Tikka', 'Freshly prepared premium sausage tandoori tikka cooked using premium ingredients, signature herbs, and spices.', 370.00, 'https://images.unsplash.com/photo-1626777552726-4a6b54c97e46?auto=format&fit=crop&w=500&q=80', 'Tandoori Tikka', 0, 1),
(41, 'Signature Beef Masala', 'Freshly prepared signature beef masala cooked using premium ingredients, signature herbs, and spices.', 290.00, 'https://images.unsplash.com/photo-1601050690597-df056fb4ce78?auto=format&fit=crop&w=500&q=80', 'Masala', 0, 1),
(42, 'Spicy Fish Sub', 'Freshly prepared spicy fish sub cooked using premium ingredients, signature herbs, and spices.', 200.00, 'https://images.unsplash.com/photo-1568901346375-23c9450c58cd?auto=format&fit=crop&w=500&q=80', 'Sub', 0, 1),
(42, 'Smoked Egg Sandwich', 'Freshly prepared smoked egg sandwich cooked using premium ingredients, signature herbs, and spices.', 260.00, 'https://images.unsplash.com/photo-1513156844825-8324f8c7976e?auto=format&fit=crop&w=500&q=80', 'Sandwich', 0, 1),
(42, 'Spicy Vegetable Panini', 'Freshly prepared spicy vegetable panini cooked using premium ingredients, signature herbs, and spices.', 320.00, 'https://images.unsplash.com/photo-1568901346375-23c9450c58cd?auto=format&fit=crop&w=500&q=80', 'Panini', 1, 1),
(42, 'Delicious Vegetable Wrap', 'Freshly prepared delicious vegetable wrap cooked using premium ingredients, signature herbs, and spices.', 190.00, 'https://images.unsplash.com/photo-1513156844825-8324f8c7976e?auto=format&fit=crop&w=500&q=80', 'Wrap', 1, 1),
(42, 'Smoked Mushroom Slider', 'Freshly prepared smoked mushroom slider cooked using premium ingredients, signature herbs, and spices.', 470.00, 'https://images.unsplash.com/photo-1586190848861-99aa4a171e90?auto=format&fit=crop&w=500&q=80', 'Slider', 1, 1),
(42, 'Gourmet Potato Melt', 'Freshly prepared gourmet potato melt cooked using premium ingredients, signature herbs, and spices.', 340.00, 'https://images.unsplash.com/photo-1568901346375-23c9450c58cd?auto=format&fit=crop&w=500&q=80', 'Melt', 1, 1),
(42, 'Delicious Vegetable Slider', 'Freshly prepared delicious vegetable slider cooked using premium ingredients, signature herbs, and spices.', 380.00, 'https://images.unsplash.com/photo-1550547660-d9450f859349?auto=format&fit=crop&w=500&q=80', 'Slider', 1, 1),
(42, 'Delicious Egg Sub', 'Freshly prepared delicious egg sub cooked using premium ingredients, signature herbs, and spices.', 140.00, 'https://images.unsplash.com/photo-1550547660-d9450f859349?auto=format&fit=crop&w=500&q=80', 'Sub', 0, 1),
(43, 'Gourmet Garlic Brownie Slice', 'Freshly prepared gourmet garlic brownie slice cooked using premium ingredients, signature herbs, and spices.', 250.00, 'https://images.unsplash.com/photo-1606313564200-e75d5e30476c?auto=format&fit=crop&w=500&q=80', 'Brownie Slice', 1, 1),
(43, 'Spicy Potato Sundae', 'Freshly prepared spicy potato sundae cooked using premium ingredients, signature herbs, and spices.', 210.00, 'https://images.unsplash.com/photo-1533134242443-d4fd215305ad?auto=format&fit=crop&w=500&q=80', 'Sundae', 1, 1),
(43, 'Cottage Cheese Halwa', 'Freshly prepared cottage cheese halwa cooked using premium ingredients, signature herbs, and spices.', 470.00, 'https://images.unsplash.com/photo-1606313564200-e75d5e30476c?auto=format&fit=crop&w=500&q=80', 'Halwa', 1, 1),
(43, 'Hot Paneer Halwa', 'Freshly prepared hot paneer halwa cooked using premium ingredients, signature herbs, and spices.', 340.00, 'https://images.unsplash.com/photo-1533134242443-d4fd215305ad?auto=format&fit=crop&w=500&q=80', 'Halwa', 1, 1),
(43, 'Traditional Potato Cheesecakes', 'Freshly prepared traditional potato cheesecakes cooked using premium ingredients, signature herbs, and spices.', 200.00, 'https://images.unsplash.com/photo-1563805042-7684c019e1cb?auto=format&fit=crop&w=500&q=80', 'Cheesecakes', 1, 1),
(43, 'Traditional Avocado Lassi', 'Freshly prepared traditional avocado lassi cooked using premium ingredients, signature herbs, and spices.', 270.00, 'https://images.unsplash.com/photo-1533134242443-d4fd215305ad?auto=format&fit=crop&w=500&q=80', 'Lassi', 1, 1),
(43, 'Delicious Cheese Cheesecakes', 'Freshly prepared delicious cheese cheesecakes cooked using premium ingredients, signature herbs, and spices.', 150.00, 'https://images.unsplash.com/photo-1606313564200-e75d5e30476c?auto=format&fit=crop&w=500&q=80', 'Cheesecakes', 1, 1),
(43, 'Paneer Cheesecakes', 'Freshly prepared paneer cheesecakes cooked using premium ingredients, signature herbs, and spices.', 380.00, 'https://images.unsplash.com/photo-1533134242443-d4fd215305ad?auto=format&fit=crop&w=500&q=80', 'Cheesecakes', 1, 1),
(44, 'Fresh Avocado Milkshake', 'Freshly prepared fresh avocado milkshake cooked using premium ingredients, signature herbs, and spices.', 310.00, 'https://images.unsplash.com/photo-1587314168485-3236d6710814?auto=format&fit=crop&w=500&q=80', 'Milkshake', 1, 1),
(44, 'House Special Cheese Sundae', 'Freshly prepared house special cheese sundae cooked using premium ingredients, signature herbs, and spices.', 280.00, 'https://images.unsplash.com/photo-1587314168485-3236d6710814?auto=format&fit=crop&w=500&q=80', 'Sundae', 1, 1),
(44, 'Cottage Cheese Sundae', 'Freshly prepared cottage cheese sundae cooked using premium ingredients, signature herbs, and spices.', 120.00, 'https://images.unsplash.com/photo-1533134242443-d4fd215305ad?auto=format&fit=crop&w=500&q=80', 'Sundae', 1, 1),
(44, 'Tofu Milkshake', 'Freshly prepared tofu milkshake cooked using premium ingredients, signature herbs, and spices.', 380.00, 'https://images.unsplash.com/photo-1563805042-7684c019e1cb?auto=format&fit=crop&w=500&q=80', 'Milkshake', 1, 1),
(44, 'Delicious Paneer Mysore Pak', 'Freshly prepared delicious paneer mysore pak cooked using premium ingredients, signature herbs, and spices.', 380.00, 'https://images.unsplash.com/photo-1533134242443-d4fd215305ad?auto=format&fit=crop&w=500&q=80', 'Mysore Pak', 1, 1),
(44, 'Traditional Paneer Mysore Pak', 'Freshly prepared traditional paneer mysore pak cooked using premium ingredients, signature herbs, and spices.', 320.00, 'https://images.unsplash.com/photo-1572490122747-3968b75cc699?auto=format&fit=crop&w=500&q=80', 'Mysore Pak', 1, 1),
(44, 'Potato Cheesecakes', 'Freshly prepared potato cheesecakes cooked using premium ingredients, signature herbs, and spices.', 260.00, 'https://images.unsplash.com/photo-1563805042-7684c019e1cb?auto=format&fit=crop&w=500&q=80', 'Cheesecakes', 1, 1),
(44, 'Classic Sweet Corn Ice Cream Scoop', 'Freshly prepared classic sweet corn ice cream scoop cooked using premium ingredients, signature herbs, and spices.', 140.00, 'https://images.unsplash.com/photo-1563805042-7684c019e1cb?auto=format&fit=crop&w=500&q=80', 'Ice Cream Scoop', 1, 1),
(45, 'Spicy Beef Manchurian', 'Freshly prepared spicy beef manchurian cooked using premium ingredients, signature herbs, and spices.', 350.00, 'https://images.unsplash.com/photo-1552611052-33e04de081de?auto=format&fit=crop&w=500&q=80', 'Manchurian', 0, 1),
(45, 'Toasted Mutton Hakka Noodles', 'Freshly prepared toasted mutton hakka noodles cooked using premium ingredients, signature herbs, and spices.', 310.00, 'https://images.unsplash.com/photo-1579871494447-9811cf80d66c?auto=format&fit=crop&w=500&q=80', 'Hakka Noodles', 0, 1),
(45, 'Authentic Vegetable Manchurian', 'Freshly prepared authentic vegetable manchurian cooked using premium ingredients, signature herbs, and spices.', 360.00, 'https://images.unsplash.com/photo-1579871494447-9811cf80d66c?auto=format&fit=crop&w=500&q=80', 'Manchurian', 1, 1),
(45, 'Fresh Egg Dim Sums', 'Freshly prepared fresh egg dim sums cooked using premium ingredients, signature herbs, and spices.', 340.00, 'https://images.unsplash.com/photo-1579871494447-9811cf80d66c?auto=format&fit=crop&w=500&q=80', 'Dim Sums', 0, 1),
(45, 'Classic Egg Dim Sums', 'Freshly prepared classic egg dim sums cooked using premium ingredients, signature herbs, and spices.', 430.00, 'https://images.unsplash.com/photo-1569718212165-3a8278d5f624?auto=format&fit=crop&w=500&q=80', 'Dim Sums', 0, 1),
(45, 'Signature Avocado Spring Rolls', 'Freshly prepared signature avocado spring rolls cooked using premium ingredients, signature herbs, and spices.', 210.00, 'https://images.unsplash.com/photo-1569718212165-3a8278d5f624?auto=format&fit=crop&w=500&q=80', 'Spring Rolls', 1, 1),
(45, 'Toasted Prawn Spring Rolls', 'Freshly prepared toasted prawn spring rolls cooked using premium ingredients, signature herbs, and spices.', 130.00, 'https://images.unsplash.com/photo-1563245372-f21724e3856d?auto=format&fit=crop&w=500&q=80', 'Spring Rolls', 0, 1),
(45, 'Crispy Vegetable Fried Rice', 'Freshly prepared crispy vegetable fried rice cooked using premium ingredients, signature herbs, and spices.', 280.00, 'https://images.unsplash.com/photo-1569718212165-3a8278d5f624?auto=format&fit=crop&w=500&q=80', 'Fried Rice', 1, 1),
(46, 'Gourmet Sweet Corn Masala', 'Freshly prepared gourmet sweet corn masala cooked using premium ingredients, signature herbs, and spices.', 390.00, 'https://images.unsplash.com/photo-1626132647523-66f5bf380027?auto=format&fit=crop&w=500&q=80', 'Masala', 1, 1),
(46, 'Hot Tofu Roti', 'Freshly prepared hot tofu roti cooked using premium ingredients, signature herbs, and spices.', 390.00, 'https://images.unsplash.com/photo-1601050690597-df056fb4ce78?auto=format&fit=crop&w=500&q=80', 'Roti', 1, 1),
(46, 'Smoked Fish Curry', 'Freshly prepared smoked fish curry cooked using premium ingredients, signature herbs, and spices.', 330.00, 'https://images.unsplash.com/photo-1589301760014-d929f3979dbc?auto=format&fit=crop&w=500&q=80', 'Curry', 0, 1),
(46, 'Authentic Cheese Curry', 'Freshly prepared authentic cheese curry cooked using premium ingredients, signature herbs, and spices.', 480.00, 'https://images.unsplash.com/photo-1589301760014-d929f3979dbc?auto=format&fit=crop&w=500&q=80', 'Curry', 1, 1),
(46, 'Hot Paneer Thali', 'Freshly prepared hot paneer thali cooked using premium ingredients, signature herbs, and spices.', 370.00, 'https://images.unsplash.com/photo-1626132647523-66f5bf380027?auto=format&fit=crop&w=500&q=80', 'Thali', 1, 1),
(46, 'Smoked Vegetable Tandoori Tikka', 'Freshly prepared smoked vegetable tandoori tikka cooked using premium ingredients, signature herbs, and spices.', 130.00, 'https://images.unsplash.com/photo-1668236543090-82eba5ee5976?auto=format&fit=crop&w=500&q=80', 'Tandoori Tikka', 1, 1),
(46, 'Gourmet Prawn Curry', 'Freshly prepared gourmet prawn curry cooked using premium ingredients, signature herbs, and spices.', 320.00, 'https://images.unsplash.com/photo-1603360946369-dc9bb6258143?auto=format&fit=crop&w=500&q=80', 'Curry', 0, 1),
(46, 'Gourmet Bacon Tandoori Tikka', 'Freshly prepared gourmet bacon tandoori tikka cooked using premium ingredients, signature herbs, and spices.', 310.00, 'https://images.unsplash.com/photo-1589301760014-d929f3979dbc?auto=format&fit=crop&w=500&q=80', 'Tandoori Tikka', 0, 1),
(47, 'Authentic Avocado Quinoa Bowl', 'Freshly prepared authentic avocado quinoa bowl cooked using premium ingredients, signature herbs, and spices.', 170.00, 'https://images.unsplash.com/photo-1546069901-ba9599a7e63c?auto=format&fit=crop&w=500&q=80', 'Quinoa Bowl', 1, 1),
(47, 'Delicious Cheese Healthy Mix', 'Freshly prepared delicious cheese healthy mix cooked using premium ingredients, signature herbs, and spices.', 160.00, 'https://images.unsplash.com/photo-1506084868230-bb9d95c24759?auto=format&fit=crop&w=500&q=80', 'Healthy Mix', 1, 1),
(47, 'Hot Potato Greens', 'Freshly prepared hot potato greens cooked using premium ingredients, signature herbs, and spices.', 210.00, 'https://images.unsplash.com/photo-1540420773420-3366772f4999?auto=format&fit=crop&w=500&q=80', 'Greens', 1, 1),
(47, 'House Special Potato Healthy Mix', 'Freshly prepared house special potato healthy mix cooked using premium ingredients, signature herbs, and spices.', 210.00, 'https://images.unsplash.com/photo-1540420773420-3366772f4999?auto=format&fit=crop&w=500&q=80', 'Healthy Mix', 1, 1),
(47, 'Spicy Sweet Corn Greens', 'Freshly prepared spicy sweet corn greens cooked using premium ingredients, signature herbs, and spices.', 300.00, 'https://images.unsplash.com/photo-1506084868230-bb9d95c24759?auto=format&fit=crop&w=500&q=80', 'Greens', 1, 1),
(47, 'Signature Avocado Veggie Platter', 'Freshly prepared signature avocado veggie platter cooked using premium ingredients, signature herbs, and spices.', 240.00, 'https://images.unsplash.com/photo-1506084868230-bb9d95c24759?auto=format&fit=crop&w=500&q=80', 'Veggie Platter', 1, 1),
(47, 'Signature Cottage Cheese Salad Bowl', 'Freshly prepared signature cottage cheese salad bowl cooked using premium ingredients, signature herbs, and spices.', 360.00, 'https://images.unsplash.com/photo-1546069901-ba9599a7e63c?auto=format&fit=crop&w=500&q=80', 'Salad Bowl', 1, 1),
(47, 'Spicy Garlic Greens', 'Freshly prepared spicy garlic greens cooked using premium ingredients, signature herbs, and spices.', 310.00, 'https://images.unsplash.com/photo-1546069901-ba9599a7e63c?auto=format&fit=crop&w=500&q=80', 'Greens', 1, 1),
(48, 'Fresh Garlic Pizza', 'Freshly prepared fresh garlic pizza cooked using premium ingredients, signature herbs, and spices.', 150.00, 'https://images.unsplash.com/photo-1668236543090-82eba5ee5976?auto=format&fit=crop&w=500&q=80', 'Pizza', 1, 1),
(48, 'Fresh Bacon Biryani', 'Freshly prepared fresh bacon biryani cooked using premium ingredients, signature herbs, and spices.', 270.00, 'https://images.unsplash.com/photo-1668236543090-82eba5ee5976?auto=format&fit=crop&w=500&q=80', 'Biryani', 0, 1),
(48, 'Spicy Fish Biryani', 'Freshly prepared spicy fish biryani cooked using premium ingredients, signature herbs, and spices.', 220.00, 'https://images.unsplash.com/photo-1569718212165-3a8278d5f624?auto=format&fit=crop&w=500&q=80', 'Biryani', 0, 1),
(48, 'Signature Egg Wrap', 'Freshly prepared signature egg wrap cooked using premium ingredients, signature herbs, and spices.', 410.00, 'https://images.unsplash.com/photo-1513104890138-7c749659a591?auto=format&fit=crop&w=500&q=80', 'Wrap', 0, 1),
(48, 'Spicy Paneer Pizza', 'Freshly prepared spicy paneer pizza cooked using premium ingredients, signature herbs, and spices.', 380.00, 'https://images.unsplash.com/photo-1668236543090-82eba5ee5976?auto=format&fit=crop&w=500&q=80', 'Pizza', 1, 1),
(48, 'Toasted Tofu Noodles', 'Freshly prepared toasted tofu noodles cooked using premium ingredients, signature herbs, and spices.', 420.00, 'https://images.unsplash.com/photo-1589301760014-d929f3979dbc?auto=format&fit=crop&w=500&q=80', 'Noodles', 1, 1),
(48, 'Spicy Sweet Corn Wrap', 'Freshly prepared spicy sweet corn wrap cooked using premium ingredients, signature herbs, and spices.', 290.00, 'https://images.unsplash.com/photo-1568901346375-23c9450c58cd?auto=format&fit=crop&w=500&q=80', 'Wrap', 1, 1),
(48, 'Delicious Beef Pizza', 'Freshly prepared delicious beef pizza cooked using premium ingredients, signature herbs, and spices.', 220.00, 'https://images.unsplash.com/photo-1589301760014-d929f3979dbc?auto=format&fit=crop&w=500&q=80', 'Pizza', 0, 1),
(49, 'Signature Beef Tikka', 'Freshly prepared signature beef tikka cooked using premium ingredients, signature herbs, and spices.', 160.00, 'https://images.unsplash.com/photo-1603360946369-dc9bb6258143?auto=format&fit=crop&w=500&q=80', 'Tikka', 0, 1),
(49, 'Smoked Chicken Curry', 'Freshly prepared smoked chicken curry cooked using premium ingredients, signature herbs, and spices.', 250.00, 'https://images.unsplash.com/photo-1626777552726-4a6b54c97e46?auto=format&fit=crop&w=500&q=80', 'Curry', 0, 1),
(49, 'Signature Bacon Gravy', 'Freshly prepared signature bacon gravy cooked using premium ingredients, signature herbs, and spices.', 350.00, 'https://images.unsplash.com/photo-1633945274405-b6c8069047b0?auto=format&fit=crop&w=500&q=80', 'Gravy', 0, 1),
(49, 'Toasted Vegetable Dum Biryani', 'Freshly prepared toasted vegetable dum biryani cooked using premium ingredients, signature herbs, and spices.', 160.00, 'https://images.unsplash.com/photo-1563379091339-03b21ab4a4f8?auto=format&fit=crop&w=500&q=80', 'Dum Biryani', 1, 1),
(49, 'Signature Fish Dum Biryani', 'Freshly prepared signature fish dum biryani cooked using premium ingredients, signature herbs, and spices.', 310.00, 'https://images.unsplash.com/photo-1563379091339-03b21ab4a4f8?auto=format&fit=crop&w=500&q=80', 'Dum Biryani', 0, 1),
(49, 'Classic Potato Dum Biryani', 'Freshly prepared classic potato dum biryani cooked using premium ingredients, signature herbs, and spices.', 300.00, 'https://images.unsplash.com/photo-1633945274405-b6c8069047b0?auto=format&fit=crop&w=500&q=80', 'Dum Biryani', 1, 1),
(49, 'Authentic Seafood Ghee Rice', 'Freshly prepared authentic seafood ghee rice cooked using premium ingredients, signature herbs, and spices.', 460.00, 'https://images.unsplash.com/photo-1603360946369-dc9bb6258143?auto=format&fit=crop&w=500&q=80', 'Ghee Rice', 0, 1),
(49, 'Premium Egg Dum Biryani', 'Freshly prepared premium egg dum biryani cooked using premium ingredients, signature herbs, and spices.', 440.00, 'https://images.unsplash.com/photo-1626777552726-4a6b54c97e46?auto=format&fit=crop&w=500&q=80', 'Dum Biryani', 0, 1),
(50, 'Authentic Mushroom Idli', 'Freshly prepared authentic mushroom idli cooked using premium ingredients, signature herbs, and spices.', 460.00, 'https://images.unsplash.com/photo-1589301760014-d929f3979dbc?auto=format&fit=crop&w=500&q=80', 'Idli', 1, 1),
(50, 'House Special Cheese Dosa', 'Freshly prepared house special cheese dosa cooked using premium ingredients, signature herbs, and spices.', 420.00, 'https://images.unsplash.com/photo-1626132647523-66f5bf380027?auto=format&fit=crop&w=500&q=80', 'Dosa', 1, 1),
(50, 'Toasted Potato Dosa', 'Freshly prepared toasted potato dosa cooked using premium ingredients, signature herbs, and spices.', 180.00, 'https://images.unsplash.com/photo-1668236543090-82eba5ee5976?auto=format&fit=crop&w=500&q=80', 'Dosa', 1, 1),
(50, 'House Special Avocado Idli', 'Freshly prepared house special avocado idli cooked using premium ingredients, signature herbs, and spices.', 340.00, 'https://images.unsplash.com/photo-1601050690597-df056fb4ce78?auto=format&fit=crop&w=500&q=80', 'Idli', 1, 1),
(50, 'Fresh Sweet Corn Dosa', 'Freshly prepared fresh sweet corn dosa cooked using premium ingredients, signature herbs, and spices.', 420.00, 'https://images.unsplash.com/photo-1601050690597-df056fb4ce78?auto=format&fit=crop&w=500&q=80', 'Dosa', 1, 1),
(50, 'Toasted Paneer Vada', 'Freshly prepared toasted paneer vada cooked using premium ingredients, signature herbs, and spices.', 160.00, 'https://images.unsplash.com/photo-1601050690597-df056fb4ce78?auto=format&fit=crop&w=500&q=80', 'Vada', 1, 1),
(50, 'Traditional Cottage Cheese Meals', 'Freshly prepared traditional cottage cheese meals cooked using premium ingredients, signature herbs, and spices.', 340.00, 'https://images.unsplash.com/photo-1601050690597-df056fb4ce78?auto=format&fit=crop&w=500&q=80', 'Meals', 1, 1),
(50, 'Delicious Cottage Cheese Meals', 'Freshly prepared delicious cottage cheese meals cooked using premium ingredients, signature herbs, and spices.', 420.00, 'https://images.unsplash.com/photo-1601050690597-df056fb4ce78?auto=format&fit=crop&w=500&q=80', 'Meals', 1, 1);

-- 4. Insert Cart Items (Pre-populating Pavan's active checkout basket)
INSERT INTO cart (user_id, menu_item_id, quantity) VALUES
(1, 1, 1), -- 1 x Classic Cheddar Beef Burger
(1, 4, 1); -- 1 x Thick Oreo Vanilla Cream Shake


-- 5. Insert Orders (Past History for Pavan Hegade)
INSERT INTO orders (id, order_id, user_id, delivery_address, payment_method, payment_status, order_status, total_amount, created_at) VALUES
(1, 'QKB-452109', 1, 'Flat 402, Sunset Heights, Bandra West, Mumbai', 'Card Payment', 'COMPLETED', 'Delivered Successfully', 570.00, '2026-06-18 14:30:00'),
(2, 'QKB-219504', 1, 'Flat 402, Sunset Heights, Bandra West, Mumbai', 'Cash on Delivery', 'PENDING', 'Delivered Successfully', 300.00, '2026-05-30 20:00:00');

-- 6. Insert Order Items History
INSERT INTO order_items (order_id, menu_item_id, quantity, price_at_purchase) VALUES
(1, 5, 1, 450.00), -- Pizza
(1, 4, 1, 120.00),  -- Shake
(2, 3, 2, 150.00);  -- Sliders (Qty 2)
